Date,Close
06/1994,10000
07/1994,10315.459413000237
08/1994,10798.131390044025
09/1994,10478.7512833633
10/1994,10671.42787745156
11/1994,10144.284748278
12/1994,10315.43535101706
01/1995,10444.774564130741
02/1995,10876.542827475989
03/1995,11374.431591446315
04/1995,11863.033321411205
05/1995,12303.639156414143
06/1995,12767.181816013765
07/1995,13216.535519929372
08/1995,13135.278721501078
09/1995,13757.805060937959
10/1995,14145.976459689322
11/1995,14545.90785639096
12/1995,14674.547028009814
01/1996,15389.899986698389
02/1996,15658.169866552667
03/1996,15638.135804500342
04/1996,15924.329738582619
05/1996,16568.69782696695
06/1996,16804.69142463528
07/1996,16148.350680443002
08/1996,16567.05892687049
09/1996,17686.106882285316
10/1996,18232.26779845506
11/1996,19538.697956854598
12/1996,19043.211551826673
01/1997,20781.920677987036
02/1997,20835.77566508799
03/1997,19696.871160743332
04/1997,21666.41307980481
05/1997,22772.416951478695
06/1997,24022.488316929728
07/1997,26057.374868550876
08/1997,24089.252752059743
09/1997,25408.77112467191
10/1997,24658.942658398097
11/1997,25617.156911589922
12/1997,26056.795709463437
01/1998,26741.64499598376
02/1998,28454.72020732095
03/1998,30343.01445285003
04/1998,31574.726783881757
05/1998,30798.687320211124
06/1998,33165.49849970539
07/1998,33676.94006400755
08/1998,28365.39984901515
09/1998,29717.530566251146
10/1998,32474.404148748617
11/1998,35152.6321075963
12/1998,38743.42118120117
01/1999,40395.60155929588
02/1999,39383.59185435885
03/1999,41643.84938573244
04/1999,41752.63705727092
05/1999,40586.855798897916
06/1999,43865.11492686345
07/1999,42390.665739132375
08/1999,42192.02831232709
09/1999,42077.23033972784
10/1999,45550.08336410963
11/1999,47419.69122721566
12/1999,54253.67941423566
01/2000,50518.42828802596
02/2000,52279.719603868994
03/2000,57125.14025900157
04/2000,54114.9053925655
05/2000,50765.45901299639
06/2000,53805.27101303261
07/2000,52856.18293666813
08/2000,57132.908163587774
09/2000,51820.42374606766
10/2000,49471.74427447212
11/2000,47406.62675382487
12/2000,48919.86689857084
01/2001,46950.616532693544
02/2001,43124.03429356236
03/2001,39779.765877200356
04/2001,42658.27885394398
05/2001,42680.09840582574
06/2001,41211.555828015385
07/2001,41107.8971892274
08/2001,39996.648289724035
09/2001,37392.10737606069
10/2001,37150.95760316356
11/2001,39567.32571740727
12/2001,40220.15135375782
01/2002,40711.55315009739
02/2002,41102.74804047875
03/2002,42517.79215749453
04/2002,42540.52115917102
05/2002,42587.57477721228
06/2002,40386.61367719523
07/2002,37910.77321002425
08/2002,38373.430301660206
09/2002,35863.428751979336
10/2002,36238.944917383225
11/2002,35808.876320463576
12/2002,35070.81017354135
01/2003,34427.92624270076
02/2003,34119.386435775494
03/2003,34466.284387015876
04/2003,36546.41203814471
05/2003,38253.4047522784
06/2003,38860.12482263201
07/2003,39904.47451908682
08/2003,40453.04333728077
09/2003,40137.99192775906
10/2003,42646.12448044133
11/2003,43057.997082743204
12/2003,43975.76344174399
01/2004,45065.33280114171
02/2004,45663.021888123745
03/2004,45420.76150793624
04/2004,43394.527243285615
05/2004,44449.248497636785
06/2004,45806.01877292818
07/2004,43519.6679471176
08/2004,43832.85895634951
09/2004,46196.86942220946
10/2004,46541.43560505395
11/2004,50119.51432699075
12/2004,51085.03040186615
01/2005,50013.22572454155
02/2005,52981.62797881212
03/2005,52435.49134904862
04/2005,50376.136972539854
05/2005,52279.09203508034
06/2005,54175.746270930336
07/2005,56408.907404968864
08/2005,57337.03587516279
09/2005,59622.574730478605
10/2005,57784.19201132198
11/2005,59559.10271941794
12/2005,60564.864900310255
01/2006,64523.64983991859
02/2006,62070.71157768603
03/2006,63156.85284864118
04/2006,63888.99868321018
05/2006,61211.350682294564
06/2006,61747.60317583133
07/2006,59712.7926965573
08/2006,59223.758466426465
09/2006,60369.93009462837
10/2006,63269.007559219244
11/2006,65848.50236540796
12/2006,66725.98606508809
01/2007,69234.0627526299
02/2007,67182.03548192256
03/2007,68688.96886084402
04/2007,71268.61431226396
05/2007,73802.71342685587
06/2007,71740.57427773881
07/2007,69380.2724688607
08/2007,70234.6974669078
09/2007,75162.27669970824
10/2007,78439.0489365837
11/2007,75804.25926038522
12/2007,78151.42094658801
01/2008,69071.95012273102
02/2008,68758.21837481222
03/2008,68446.90972054194
04/2008,74165.77972665116
05/2008,77122.10654786836
06/2008,76053.75458818018
07/2008,69068.03753348585
08/2008,68503.53925679624
09/2008,57853.238674841814
10/2008,49478.28254418139
11/2008,45277.84496637761
12/2008,45918.858022468674
01/2009,41707.34075435283
02/2009,37536.664469836396
03/2009,39890.11030528288
04/2009,42162.92769431055
05/2009,43997.16233452601
06/2009,45021.12626706033
07/2009,47961.62235572323
08/2009,48535.23973925949
09/2009,50373.93552254819
10/2009,48867.966172827444
11/2009,52177.79645504328
12/2009,53670.34448022896
01/2010,50209.09685884574
02/2010,52599.20628563875
03/2010,56448.976588758895
04/2010,56752.79048541716
05/2010,52856.54137985931
06/2010,49949.63643310233
07/2010,53780.304962419636
08/2010,51410.0252548084
09/2010,56716.08955127152
10/2010,59491.500410390945
11/2010,60579.399112407744
12/2010,63079.07094247796
01/2011,63406.23142905524
02/2011,65922.6063891578
03/2011,67234.89001864092
04/2011,69815.98867824502
05/2011,69426.39776511735
06/2011,68921.21638818496
07/2011,67604.69358375297
08/2011,63711.24469896379
09/2011,60481.21479252121
10/2011,65437.08027035989
11/2011,65636.45705653305
12/2011,66400.72570409211
01/2012,67664.446998836
02/2012,71040.58938255844
03/2012,74066.84639574094
04/2012,75371.3270007068
05/2012,71790.35929304757
06/2012,73949.20045604566
07/2012,74904.87032194831
08/2012,75862.82810967705
09/2012,77201.02201490889
10/2012,75341.93965815858
11/2012,76609.42957578257
12/2012,75745.68379379215
01/2013,79002.50528383473
02/2013,80577.61958371795
03/2013,84577.01003139342
04/2013,86980.05390177155
05/2013,86844.30645243841
06/2013,85960.70741506794
07/2013,91309.2400858705
08/2013,88107.85857077918
09/2013,90831.35998692136
10/2013,95538.49426109272
11/2013,98403.5714859147
12/2013,101320.53858293903
01/2014,99023.15841904159
02/2014,105559.42332964731
03/2014,101954.7288113948
04/2014,101030.15107497461
05/2014,105005.4663633044
06/2014,107145.73235204877
07/2014,105966.95370569392
08/2014,110827.60744604489
09/2014,110107.5898028771
10/2014,112638.62540517679
11/2014,116826.89944944366
12/2014,115529.4844499756
01/2015,114832.33989884594
02/2015,121002.81780070548
03/2015,119544.63517554446
04/2015,118471.35594185522
05/2015,122274.47990730627
06/2015,121903.58098193094
07/2015,126399.16815128882
08/2015,118806.44390387215
09/2015,116457.2212470572
10/2015,124900.67949129365
11/2015,125480.7664138011
12/2015,125334.57438364414
01/2016,120685.62383565148
02/2016,119036.07130876266
03/2016,125231.98763664793
04/2016,124376.53304340018
05/2016,127376.56788765122
06/2016,131102.71953627185
07/2016,134564.2167960377
08/2016,132516.47918245243
09/2016,133085.25260695312
10/2016,130410.8036566029
11/2016,129546.17930821438
12/2016,130885.23685843058
01/2017,135173.8136095961
02/2017,140106.43527853471
03/2017,143039.69765454243
04/2017,146606.52484201928
05/2017,153578.85324271908
06/2017,154123.65458540793
07/2017,159345.7883613127
08/2017,161617.00265769337
09/2017,166162.16293332528
10/2017,174394.90076661116
11/2017,179151.47978903685
12/2017,179277.88782259807
01/2018,193913.08383763413
02/2018,191050.6676343327
03/2018,184018.55242330747
04/2018,185330.88512877296
05/2018,191676.5353608153
06/2018,191352.3717057713
07/2018,194832.33938952434
08/2018,206140.918589999
09/2018,208001.64047606225
10/2018,187518.81680855123
11/2018,189991.82060700597
12/2018,175305.62477858394
01/2019,186885.28324193312
02/2019,193462.30803268033
03/2019,197527.00737622762
04/2019,201987.5576694363
05/2019,197253.28345816772
06/2019,209447.5008425047
07/2019,213156.13514718146
08/2019,213620.97688145703
09/2019,210924.74853112505
10/2019,212136.99586678573
11/2019,219165.62580598713
12/2019,222972.98775499314
01/2020,231085.66099550063
02/2020,213973.84890435694
03/2020,189456.83482956357
04/2020,211595.2582201552
05/2020,224142.4117822507
06/2020,233820.51579415612
07/2020,249742.9731215864
08/2020,273770.63651564764
09/2020,263071.6159972862
10/2020,251995.89192477378
11/2020,277903.6023238262
12/2020,287463.59659179853
01/2021,292230.5838051835
02/2021,290426.2567474753
03/2021,286750.52206465753
04/2021,307090.2274960611
05/2021,301973.235277823
06/2021,307639.19894977304
07/2021,310389.6026123043
08/2021,323179.2041180613
09/2021,311812.6445210308
10/2021,338414.39841576654
11/2021,324939.24028949597
12/2021,323156.28922144894
01/2022,293782.4094657186
02/2022,285836.94078886055
03/2022,299000.1420411392
04/2022,261245.3789989543
05/2022,261807.97901311703
06/2022,244658.6157136487
07/2022,257170.42722183364
08/2022,252073.1451605423
09/2022,236678.30755131436
10/2022,266239.45515128376
11/2022,275630.7280234396
12/2022,264874.1420167306
01/2023,263054.69734784233
02/2023,252380.1442435606
03/2023,253155.0506342036
04/2023,259221.88797567037
05/2023,246577.3383936701
06/2023,263650.1218461507
07/2023,268149.62522822997
08/2023,268804.4453194732
09/2023,255839.35298300372
10/2023,251608.57342128045
11/2023,275009.5296625651
12/2023,288099.1387627966
01/2024,304199.96218242194
02/2024,334796.9127521424
03/2024,346280.4916977319
04/2024,329400.82811955106
05/2024,348348.54146784876
06/2024,361516.26054596575
07/2024,353803.41220644943
08/2024,363883.4108095628
09/2024,374944.1118437152
10/2024,373922.1515821018
11/2024,392994.5378968884