Date,Return
2015-2-19,-0.26908585188964995
2015-2-20,-11.880418722899222
2015-2-23,-0.12102676042724525
2015-2-24,0.6069671687312095
2015-2-25,0.1564939284884881
2015-2-26,-0.16002825078719196
2015-2-27,-0.3225807560301108
2015-3-2,0.42948716539841225
2015-3-3,-0.8178955384730013
2015-3-4,-0.057337846724969666
2015-3-5,0.03486944984270046
2015-3-6,-1.1724073893781384
2015-3-9,0.06455777921237082
2015-3-10,-1.4101382488479253
2015-3-11,-0.12528497197307198
2015-3-12,2.089167958093685
2015-3-13,-1.1947193074114404
2015-3-16,0.7672966420712024
2015-3-17,0.40028096444293393
2015-3-18,2.638164038930779
2015-3-19,-1.4786775252595197
2015-3-20,0.8654936847599215
2015-3-23,0.8318580868192704
2015-3-24,-0.40528378249351515
2015-3-25,-1.0942423094851161
2015-3-26,-1.251685189719709
2015-3-27,0.2554121918258545
2015-3-30,1.5924832401646105
2015-3-31,-0.23635907100837406
2015-4-1,-0.0917624675770945
2015-4-2,0.9981043268534995
2015-4-7,-0.09541428655932549
2015-4-8,-0.3144363266438299
2015-4-9,-0.4237698846845994
2015-4-10,1.0452269076137721
2015-4-13,-0.06415866019285899
2015-4-14,-0.33207571800311086
2015-4-15,1.6633781842797513
2015-4-16,-0.5349998716413062
2015-4-17,-1.2944507092989221
2015-4-20,0.4169498148616224
2015-4-21,-0.3081797846557044
2015-4-22,-0.004313177728232365
2015-4-23,0.5332803028859745
2015-4-24,0.1248151179631618
2015-4-27,-0.18988529677581578
2015-4-28,-0.2099062127786988
2015-4-29,-0.5690931730484516
2015-4-30,-0.4174205933791475
2015-5-4,0.003226934408595561
2015-5-5,-1.0426175203896548
2015-5-6,-0.32254987138125024
2015-5-7,0.033279851238821045
2015-5-8,1.0222450886543832
2015-5-11,0.4113701864482566
2015-5-12,-0.8749712547413413
2015-5-13,0.39828351040414045
2015-5-14,1.0332951346838648
2015-5-15,-0.14840643420072075
2015-5-18,-0.00823518899634168
2015-5-19,0.5727220356617213
2015-5-20,-0.03184995381478872
2015-5-21,0.2981608815055603
2015-5-22,-0.6936727694916156
2015-5-26,-0.8971632497172144
2015-5-27,0.6004308851668583
2015-5-28,0.5023402918967967
2015-5-29,-0.9192006741276071
2015-6-1,0.26522756251938784
2015-6-2,0.6457786698976786
2015-6-3,0.6513923075231798
2015-6-4,-1.1682276059614138
2015-6-5,-0.1712407951871553
2015-6-8,0.8760964647235081
2015-6-9,-0.6604118295264527
2015-6-10,1.2568273516873951
2015-6-11,-0.2627385325336351
2015-6-12,-0.26907707102152845
2015-6-15,-0.2719809515085658
2015-6-16,0.07694706638270432
2015-6-17,0.8284626302499376
2015-6-18,-0.4233571227806321
2015-6-19,0.5387954094044467
2015-6-22,-0.25266900462748154
2015-6-23,0.26963583998824703
2015-6-24,0.2497338410607508
2015-6-25,-0.6243659316398809
2015-6-26,-0.3207216332137719
2015-6-29,-0.8666031537396091
2015-6-30,-1.8793376401370687
2015-7-1,0.36648850031526514
2015-7-2,-0.3860705307833223
2015-7-3,-0.03651366147625623
2015-7-6,-0.47586376595020186
2015-7-7,-1.0380958168931365
2015-7-8,0.25079440990500856
2015-7-9,0.17290781177909942
2015-7-10,0.6494552316330005
2015-7-13,0.569049539683264
2015-7-14,0.6908675433928924
2015-7-15,-0.49030668366879526
2015-7-16,0.060602348559157804
2015-7-17,-1.0021731804797707
2015-7-20,-0.575998662801469
2015-7-21,-0.12599338514422964
2015-7-22,0.046926058483909294
2015-7-23,-0.5313885699945509
2015-7-24,-1.0791688640452768
2015-7-27,-1.8043064433336697
2015-7-28,0.7138802475578077
2015-7-29,0.9421934692918521
2015-7-30,0.6144074086602558
2015-7-31,0.21001210286490934
2015-8-3,-0.08282562190218279
2015-8-4,-1.078651100233241
2015-8-5,1.4321768124732515
2015-8-6,-1.8075518832473825
2015-8-7,-0.15066808590524783
2015-8-10,1.349761379088199
2015-8-11,-0.8851055566827859
2015-8-12,-1.35339441932123
2015-8-13,1.1852481034444473
2015-8-14,0.009988501243163306
2015-8-17,1.0775867345939272
2015-8-18,-0.21797694341724183
2015-8-19,-1.058802821786542
2015-8-20,-0.6888265085308043
2015-8-21,-2.8219437903194033
2015-8-24,-3.095909659531404
2015-8-25,1.0809241902831612
2015-8-26,-3.4824364391315643
2015-8-27,4.4801904039935
2015-8-28,1.5175762724869424
2015-8-31,0.04372292770271624
2015-9-1,-1.2977302652118383
2015-9-2,-1.5009310195625014
2015-9-3,2.2802485137738637
2015-9-4,-1.5526597768854677
2015-9-7,0.27062517511784456
2015-9-8,1.2322762990571112
2015-9-9,0.8573525378074098
2015-9-10,-1.1820729236335592
2015-9-11,-0.8029804081817526
2015-9-14,0.1054392970327056
2015-9-15,0.6552709546887137
2015-9-16,1.3549839900834248
2015-9-17,1.8683551632292739
2015-9-18,-3.3692519278803013
2015-9-21,0.8250865745826008
2015-9-22,-2.378452311539525
2015-9-23,0.2708785415411974
2015-9-24,-1.8486556473620075
2015-9-25,1.7124412893090746
2015-9-28,-2.060718107896442
2015-9-29,-1.598149327604781
2015-9-30,1.018500126349764
2015-10-1,-0.2647970476342021
2015-10-2,-0.6783614480987188
2015-10-5,4.468048781345546
2015-10-6,1.2391513074993865
2015-10-7,-0.04808673275604747
2015-10-8,1.8167731314189695
2015-10-9,0.795411281274494
2015-10-12,-0.4735458463840714
2015-10-13,0.3467862018165402
2015-10-14,-1.6686402486926433
2015-10-15,-0.752137159334676
2015-10-16,1.37326488254077
2015-10-19,0.33352625748737097
2015-10-20,0.21712509890834397
2015-10-21,-0.19170023639356604
2015-10-22,-0.799830118531053
2015-10-23,0.3607240397243139
2015-10-26,0.3020408810084474
2015-10-27,-1.6127430982938007
2015-10-28,0.5079549452701393
2015-10-29,1.7032575266172856
2015-10-30,-0.4790592504023583
2015-11-2,0.5840686792836891
2015-11-3,1.5592453831152042
2015-11-4,-0.5685853364450488
2015-11-5,0.2514513203246471
2015-11-6,0.004098293640142359
2015-11-9,-0.9532497767047787
2015-11-10,0.32772796827567063
2015-11-11,-0.23061515191766802
2015-11-12,-1.033332735322523
2015-11-13,-1.2173817871677928
2015-11-16,-1.326924712251265
2015-11-17,2.2513828127777247
2015-11-18,0.006840262359908422
2015-11-19,-0.07552301683261264
2015-11-20,0.8133637063501675
2015-11-23,0.7862481369694585
2015-11-24,-0.43221136841539165
2015-11-25,1.150236027716156
2015-11-26,0.4354077976312043
2015-11-27,-0.2160784736961463
2015-11-30,0.003831323651626306
2015-12-1,-0.13757795800535266
2015-12-2,0.14656109115445126
2015-12-3,-1.2053921443994309
2015-12-4,-1.1105454353253719
2015-12-7,-1.653336035383901
2015-12-8,-1.1707044630767882
2015-12-9,0.8054759688971291
2015-12-10,-1.0909393692959735
2015-12-11,-1.4790718004583536
2015-12-14,-2.4465787867490763
2015-12-15,2.032189877524493
2015-12-16,0.3470795588211173
2015-12-17,0.22831900815600825
2015-12-18,-0.7298689810700032
2015-12-21,-1.0504207927299891
2015-12-22,1.2625300059528222
2015-12-23,2.630709118422825
2015-12-25,0.0
2015-12-28,-1.4993444147872625
2015-12-29,1.7186823619115499
2015-12-30,-0.21043113169678662
2016-1-4,-3.6585242821622233
2016-1-5,0.5440927260316863
2016-1-6,-0.8869911173445155
2016-1-7,-1.6470443750986608
2016-1-8,-2.978063063736014
2016-1-11,-1.4238854404915346
2016-1-12,-0.531466637271949
2016-1-13,0.3528191955623594
2016-1-14,-2.782046170571728
2016-1-15,-1.963242007121213
2016-1-18,1.2693527063997623
2016-1-19,-0.23041205792814212
2016-1-20,-4.0155762923911436
2016-1-21,4.0120205824100585
2016-1-22,0.6087714256526988
2016-1-25,-0.46821469388501624
2016-1-26,0.6626709320193047
2016-1-27,1.4383491943845028
2016-1-28,-1.2543553274571684
2016-1-29,2.0586291836433457
2016-2-1,0.9275358702426573
2016-2-2,-1.5476084890958974
2016-2-3,-0.8136625888115923
2016-2-4,2.096362666274998
2016-2-5,-1.4490178283919741
2016-2-8,-3.085142233505056
2016-2-9,-0.7364866329582331
2016-2-10,1.3445792339801699
2016-2-11,-3.568035736500619
2016-2-12,3.3656425216378016
2016-2-15,0.9706389645000701
2016-2-16,0.1277842717213984
2016-2-17,2.879486785071661
2016-2-18,-0.3978583067158925
2016-2-19,-0.013880610971295226
2016-2-22,1.5455617854189363
2016-2-23,-0.79660397380098
2016-2-24,-1.495124864534969
2016-2-25,2.103616041531864
2016-2-26,1.8940367521411927
2016-2-29,1.1859651029772378
2016-3-1,0.406803440388237
2016-3-2,1.4265180744162942
2016-3-3,2.0914978970528963
2016-3-4,2.297300170965011
2016-3-7,0.7531712921578171
2016-3-8,-2.579226107661081
2016-3-9,0.14021229767338106
2016-3-10,-0.9856913971747483
2016-3-11,2.9103055505897757
2016-3-14,-0.7002609987665775
2016-3-15,-1.0405245054657009
2016-3-16,2.08304770536627
2016-3-17,0.8047920540422471
2016-3-18,0.9604154464573966
2016-3-21,-0.41150194438460685
2016-3-22,0.18581698624575704
2016-3-23,-1.251738487242482
2016-3-24,-1.4873479050303673
2016-3-29,1.8394406676687236
2016-3-30,1.164780494728035
2016-3-31,-0.0007837930047327468
2016-4-1,-0.09481730688625234
2016-4-4,-0.1715580163205721
2016-4-5,-1.1874661252775254
2016-4-6,0.08986283460048483
2016-4-7,-0.9038498176196508
2016-4-8,0.6760978068961698
2016-4-11,0.14546072362622287
2016-4-12,1.6080880820481314
2016-4-13,1.9139942163913126
2016-4-14,0.5071503317613191
2016-4-15,-0.3542267506551289
2016-4-18,0.2435574974147814
2016-4-19,1.1525366347878707
2016-4-20,0.05558387752433447
2016-4-21,0.19655853164770587
2016-4-22,0.17004302356007361
2016-4-25,-0.8440597220176871
2016-4-26,0.7870948327449501
2016-4-27,1.1328837403595138
2016-4-28,0.7131107880977261
2016-4-29,-2.699227512813962
2016-5-2,1.1008885249635947
2016-5-3,-2.4145942643780227
2016-5-4,-0.08699434536754147
2016-5-5,0.4341828187967023
2016-5-6,-0.4631670310595082
2016-5-9,-0.8748048944324682
2016-5-10,0.9091943735791475
2016-5-11,0.6237243471333587
2016-5-12,-1.6478807867026712
2016-5-13,0.44450150589616655
2016-5-17,0.21550140393620243
2016-5-18,-1.4915266096651725
2016-5-19,-1.4194592400570971
2016-5-20,2.413924269255152
2016-5-23,-0.21505744212558797
2016-5-24,1.0112796877056462
2016-5-25,1.3123546935761787
2016-5-26,0.07334625256290028
2016-5-27,0.12569903753025802
2016-5-30,0.8191442359965606
2016-5-31,0.02082708875323913
2016-6-1,-0.16058442071048562
2016-6-2,0.4577924729225247
2016-6-3,-0.15910971644743643
2016-6-6,1.3013676589149314
2016-6-7,1.4118401850415019
2016-6-8,-0.030907823298520487
2016-6-9,-0.9535247759885901
2016-6-10,-1.1913474716579553
2016-6-13,-0.6144977979645638
2016-6-14,-1.8781479852071459
2016-6-15,1.6962863610298085
2016-6-16,-1.2440614279939588
2016-6-17,0.9734693597861277
2016-6-20,2.2233609120065667
2016-6-21,-1.4673480931526317
2016-6-22,0.6073179258377914
2016-6-23,1.0726433257330248
2016-6-24,-3.551454579764457
2016-6-27,-4.241290715202883
2016-6-28,0.718334917135599
2016-6-29,2.7353015352061583
2016-6-30,0.6249545001022705
2016-7-1,1.5876848077587935
2016-7-4,0.36612318827344836
2016-7-5,-2.564907568596997
2016-7-6,0.45540808442776637
2016-7-7,0.9812896130931392
2016-7-8,1.811246766972574
2016-7-11,1.3792192401991477
2016-7-12,1.4853304924603128
2016-7-13,-0.8791594371399425
2016-7-14,1.2543502902026438
2016-7-15,-0.495924603175113
2016-7-18,0.1857441074432753
2016-7-19,0.18006203601694803
2016-7-20,0.2980633676028077
2016-7-21,0.31273768803374846
2016-7-22,-0.5637172437966687
2016-7-25,-0.0299273498490904
2016-7-26,0.2963158710453939
2016-7-27,0.6651640115461488
2016-7-28,-1.0461390499452716
2016-7-29,0.6787839828958919
2016-8-1,-0.2851443735053083
2016-8-2,-1.5552020266036415
2016-8-3,0.2168748749222793
2016-8-4,0.7756228956112388
2016-8-5,1.5961360275580372
2016-8-8,0.523970900152837
2016-8-9,-0.34426660313873203
2016-8-10,-1.1174031048616695
2016-8-11,0.17368343929007324
2016-8-12,0.09450724688166989
2016-8-15,0.9719980696613728
2016-8-16,-0.43811265133951727
2016-8-17,-0.7747951249971297
2016-8-18,1.4220479001146646
2016-8-19,-0.31271367656311444
2016-8-22,-0.6510759370817243
2016-8-23,1.2897483749988448
2016-8-24,-0.2602706294047241
2016-8-25,-0.13825078958920045
2016-8-26,-0.26328085645190846
2016-8-29,0.6796696283180914
2016-8-30,-0.30997627115854076
2016-8-31,-0.713334229906637
2016-9-1,-0.27497848512153533
2016-9-2,1.2538663960608654
2016-9-5,0.06624072876748599
2016-9-6,0.07953634094002293
2016-9-7,0.2735569177892305
2016-9-8,0.3347017216165371
2016-9-9,-1.50667134091248
2016-9-12,-1.1671857154991971
2016-9-13,-1.7169338804996048
2016-9-14,0.016008574204318116
2016-9-15,1.1587753337113815
2016-9-16,-0.5189742454461022
2016-9-19,1.4320397510853233
2016-9-20,-0.8603336770987235
2016-9-21,0.5226518495860866
2016-9-22,1.3643957787831562
2016-9-23,0.5431642836583928
2016-9-26,-1.2453425341692026
2016-9-27,-0.3929078977845335
2016-9-28,0.12170564181706034
2016-9-29,1.4527029065311226
2016-9-30,0.22568964420155435
2016-10-4,-0.025213462277240417
2016-10-5,0.22140024021330973
2016-10-6,-1.059443647114422
2016-10-7,0.4484707148623146
2016-10-10,0.6250017697536858
2016-10-11,-1.6624212246446612
2016-10-12,0.45759557418230123
2016-10-13,-1.2009319255852469
2016-10-14,-0.1959097399555021
2016-10-17,-0.04156763505673844
2016-10-18,0.3830550599584148
2016-10-19,1.0152622099847353
2016-10-20,-0.7284033087344044
2016-10-21,0.23586292779194107
2016-10-24,0.2727940235076165
2016-10-25,-0.7801574297138458
2016-10-26,-0.17383139790879687
2016-10-27,-1.4768601259017577
2016-10-28,0.9671526091055149
2016-10-31,-1.002970843606521
2016-11-1,-0.9893892519691638
2016-11-2,-0.9704065502600279
2016-11-3,0.003660988884646166
2016-11-4,1.103881342447055
2016-11-7,1.1091598561614235
2016-11-8,-0.24873039300008504
2016-11-9,2.287046861049391
2016-11-10,2.292964414101184
2016-11-11,0.45770288680822
2016-11-14,2.9831284647797496
2016-11-15,-0.19818235369084558
2016-11-16,0.688516533811856
2016-11-17,0.24038747305497044
2016-11-18,0.45372549019606634
2016-11-21,0.6622998205707553
2016-11-22,0.598037403282925
2016-11-23,0.7923852501286133
2016-11-24,0.6401476275742279
2016-11-25,-0.17943006382571403
2016-11-28,-0.27553688056654035
2016-11-29,-0.2649767701819572
2016-11-30,0.5197964920967468
2016-12-1,0.7085498346717234
2016-12-2,-0.7131391920150221
2016-12-5,1.5508188467228345
2016-12-6,-0.28951775236768507
2016-12-7,1.8376992593264418
2016-12-8,1.4636972974610973
2016-12-9,0.7639014093706376
2016-12-12,-0.0887561619340671
2016-12-13,-1.4676428670010844
2016-12-14,-1.2181890681945973
2016-12-15,1.2769699997002615
2016-12-16,0.06024870148657602
2016-12-19,-0.7357938821148324
2016-12-20,1.431992772517332
2016-12-21,-0.11982658579421379
2016-12-22,-1.1325048355237732
2016-12-23,0.39792178785114096
2016-12-27,0.5624450650654866
2016-12-28,-0.367903844782258
2016-12-29,-0.6481408787184062
2016-12-30,0.0020639414599621375
2017-1-2,0.2080126575768393
2017-1-3,-0.5987701659006084
2017-1-4,2.1862703024509544
2017-1-5,-0.8825550311866381
2017-1-6,-0.16482511919596599
2017-1-9,-0.5614538481939713
2017-1-10,0.22453991117241667
2017-1-11,1.0646238618391202
2017-1-12,-2.4635217912937324
2017-1-13,2.259937738054485
2017-1-16,-0.6635559404691405
2017-1-17,-0.32730404316747563
2017-1-18,-0.7028729035643222
2017-1-19,0.08900724923905923
2017-1-20,0.4961810279225265
2017-1-23,-0.7535262862815473
2017-1-24,0.6685424564889297
2017-1-25,1.7797592274034546
2017-1-26,-0.00712774396285365
2017-1-27,-0.9856134396069471
2017-1-30,-1.772758257255047
2017-1-31,-0.002514841246792354
2017-2-1,0.8966633148598024
2017-2-2,-0.46519450961010067
2017-2-3,1.3343971689099954
2017-2-6,-0.1708084109160679
2017-2-7,-0.7359817301575866
2017-2-8,-0.853170966812733
2017-2-9,1.6319259376756934
2017-2-10,0.4742757219451166
2017-2-13,0.6670744542926155
2017-2-14,0.14888419629512928
2017-2-15,0.35207911911228074
2017-2-16,-0.44184815482172235
2017-2-17,-0.479273178641193
2017-2-20,0.5376339394008722
2017-2-21,0.4628433435285517
2017-2-22,0.2507388334374916
2017-2-23,-0.8991088506835054
2017-2-24,-0.3329327065038634
2017-2-27,0.48348466833152415
2017-2-28,-0.49311740122840453
2017-3-1,1.3238405544494292
2017-3-2,-0.8325287562755634
2017-3-3,0.16110119622660957
2017-3-6,-1.4368563466806705
2017-3-7,-0.3711983515270023
2017-3-8,-0.5879273938529939
2017-3-9,-0.34847353034649364
2017-3-10,-0.44486435064530205
2017-3-13,0.29593211884932913
2017-3-14,-1.174026074215384
2017-3-15,2.6829047549550733
2017-3-16,0.14007683020020867
2017-3-17,-0.5435682108730244
2017-3-20,-0.33904164458432584
2017-3-21,-2.1215504277766417
2017-3-22,-1.1321328769811512
2017-3-23,1.5424256090936783
2017-3-24,-0.39511928933216867
2017-3-27,-0.7920159688101336
2017-3-28,0.6747430625108963
2017-3-29,1.4324077697043025
2017-3-30,0.26052084254237773
2017-3-31,0.4315284584492485
2017-4-3,-0.801859054086751
2017-4-4,0.22883086082012838
2017-4-5,0.03344138692480403
2017-4-6,-0.3778805069718727
2017-4-7,-0.22234391593902725
2017-4-10,0.5553991591668472
2017-4-11,-0.16793745402357008
2017-4-12,0.1388862023542492
2017-4-13,-1.089002460887678
2017-4-18,0.030491779095909166
2017-4-19,1.0769926516448924
2017-4-20,-0.4645672578816207
2017-4-21,0.7226397208072832
2017-4-24,0.9912859459582091
2017-4-25,0.7911744377373076
2017-4-26,1.2962475952835062
2017-4-27,-1.3194419375216038
2017-4-28,-0.8077629372759576
2017-5-2,0.03605408918205821
2017-5-3,-1.181339050393626
2017-5-4,0.21681689227721623
2017-5-5,0.2964187123672746
2017-5-8,-0.3723445213467902
2017-5-9,-0.03696548151355117
2017-5-10,0.3332016653475378
2017-5-11,-0.3039606144563112
2017-5-12,-0.6847541253426348
2017-5-15,0.8065865948683859
2017-5-16,-0.6547164873408562
2017-5-17,-1.3185604009228302
2017-5-18,-0.9150006969030566
2017-5-19,0.8592310452604446
2017-5-22,0.7290557126996333
2017-5-23,-0.24469128445927524
2017-5-24,0.9230155719423649
2017-5-25,-0.40687793515981063
2017-5-26,-0.6106071183604844
2017-5-29,0.0416069320227308
2017-5-30,-0.5397543754356526
2017-5-31,-0.9505278807202977
2017-6-1,1.5908630662221146
2017-6-2,1.2969088002972695
2017-6-5,11.715382407119868
2017-6-6,-11.790495515799881
2017-6-7,0.5037695913320928
2017-6-8,0.3606070127796457
2017-6-9,1.4668457798131973
2017-6-12,-0.09408945662532364
2017-6-13,0.7223659433261309
2017-6-14,-1.4233901928573212
2017-6-15,-0.09509051960273629
2017-6-16,-0.6177815678304444
2017-6-19,0.5663706424217763
2017-6-20,-0.5576493109270997
2017-6-21,-0.382964989834389
2017-6-22,-0.64727828870208
2017-6-23,0.7161373653032488
2017-6-26,0.38881825986434304
2017-6-27,1.3113429767953377
2017-6-28,0.4450536019026785
2017-6-29,-0.7863388968411766
2017-6-30,0.05503662227377415
2017-7-3,0.8990536549447148
2017-7-4,-0.12506928162524522
2017-7-5,-0.6812249336881959
2017-7-6,-0.5017074073536465
2017-7-7,-0.46456522526974187
2017-7-10,0.09367392783106165
2017-7-11,0.029949210229784917
2017-7-12,0.8517727102831829
2017-7-13,0.0037646139639857523
2017-7-14,0.6318560772268444
2017-7-17,0.5019989560758775
2017-7-18,0.6447116222338289
2017-7-19,-0.3289473684210509
2017-7-20,-0.055416616923398276
2017-7-21,0.03634352003596408
2017-7-24,-0.40147168887177953
2017-7-25,1.4460674565765608
2017-7-26,0.3556051133284388
2017-7-27,-1.0498773055244492
2017-7-28,-0.8390723924192378
2017-7-31,0.06981693431893365
2017-8-1,-0.15605434883916303
2017-8-2,-0.7367436833110252
2017-8-3,-0.1281450683770946
2017-8-4,0.3449123526793052
2017-8-7,-0.24100652034815262
2017-8-8,0.880937638472945
2017-8-9,-1.7978162652681373
2017-8-10,-1.0166391351833615
2017-8-11,-0.7545569577196543
2017-8-14,1.259361687398819
2017-8-15,-0.41736954359811174
2017-8-16,0.5116338181287539
2017-8-17,-1.2281022511331119
2017-8-18,-1.0085645867095816
2017-8-21,-0.5214390932707369
2017-8-22,0.5241723327296999
2017-8-23,0.4915304486340588
2017-8-24,0.11267758234758674
2017-8-25,0.5664275552252018
2017-8-28,-0.31977337274972095
2017-8-29,-0.9906028082169227
2017-8-30,1.2883441760608294
2017-8-31,1.3131365534800876
2017-9-1,0.24762501277906246
2017-9-4,0.39168719484505843
2017-9-5,-0.7093688916763208
2017-9-6,-0.5829733524229219
2017-9-7,-0.48993211611003673
2017-9-8,0.5380618292710748
2017-9-11,0.9780552691313726
2017-9-12,0.8325257000618258
2017-9-13,0.5998886441527462
2017-9-14,0.2425432875868827
2017-9-15,-0.4038195968136482
2017-9-18,0.8682985421565981
2017-9-19,0.22938664055405233
2017-9-20,-0.5297556463778497
2017-9-21,0.403666638634248
2017-9-22,0.7029014532187627
2017-9-25,0.24800193650391655
2017-9-26,0.7991146391535642
2017-9-27,-0.0697145159089807
2017-9-28,0.34914417099547457
2017-9-29,1.3543693609589402
2017-10-2,0.2010300822204547
2017-10-3,0.1023017902813228
2017-10-4,1.0063832020271946
2017-10-5,-0.024639124762848574
2017-10-6,-0.29474431168144966
2017-10-9,-0.2774385940096491
2017-10-10,0.10682501138572498
2017-10-11,-0.03343886637564575
2017-10-12,-0.5015648054297994
2017-10-13,0.17409539718007405
2017-10-16,-0.09562142082850666
2017-10-17,0.1186787923623367
2017-10-18,0.012679382716118681
2017-10-19,0.5344871468567103
2017-10-20,-0.5654008438818692
2017-10-23,0.25641370056135315
2017-10-24,-0.1288756101118005
2017-10-25,-0.877115136330453
2017-10-26,-1.3714866237724332
2017-10-27,2.30899302725478
2017-10-30,-0.5305334524624561
2017-10-31,-0.04292213923943189
2017-11-1,0.06358476686503245
2017-11-2,0.401553491724882
2017-11-3,-0.35508474822987246
2017-11-6,0.5415672019979612
2017-11-7,-0.6946419991401109
2017-11-8,-1.3075914278522838
2017-11-9,0.4054170620201969
2017-11-10,0.1310386160911614
2017-11-13,-0.4149666100370042
2017-11-14,-0.12582787448124355
2017-11-15,-0.34641564982863526
2017-11-16,0.8961377920781777
2017-11-17,0.4727487221800386
2017-11-20,0.08163779694279061
2017-11-21,1.306451962068067
2017-11-22,0.6741088199468059
2017-11-23,-0.470526535140392
2017-11-24,-0.32398334354419855
2017-11-27,-0.31831264332208287
2017-11-28,-0.4791526563550863
2017-11-29,3.1445176201102987
2017-11-30,0.268798549832594
2017-12-1,-2.4783094427818675
2017-12-4,3.6252357306375993
2017-12-5,-1.4070778939850315
2017-12-6,-0.8592403075482036
2017-12-7,0.26818436517324074
2017-12-8,0.3620138898019709
2017-12-11,-0.17605331676836533
2017-12-12,0.6017610424461362
2017-12-13,0.10965068655937049
2017-12-14,-1.1136273470216285
2017-12-15,0.3882642960004512
2017-12-18,1.2030415117932236
2017-12-19,0.3872766508079106
2017-12-20,-0.5096231081301195
2017-12-21,0.5831596043786913
2017-12-22,-0.10267455267740644
2017-12-27,0.37339189718696986
2017-12-28,-0.34303532815657123
2017-12-29,0.7855040877324804
2018-1-2,-0.20432737166248272
2018-1-3,0.24135531324531723
2018-1-4,0.10129502236071453
2018-1-5,0.27396597903153186
2018-1-8,-0.07547235849171274
2018-1-9,0.6123466775124875
2018-1-10,-0.5680688476376705
2018-1-11,1.4285793417627035
2018-1-12,1.6016538246518275
2018-1-15,-0.49113952878040434
2018-1-16,0.38375089227857817
2018-1-17,-1.5782686485261266
2018-1-18,-0.03386771265622146
2018-1-19,0.4909615502959763
2018-1-22,0.5691977181186303
2018-1-23,0.5430229684035837
2018-1-24,0.07956208771817685
2018-1-25,-1.3452084926016017
2018-1-26,0.7989748253897755
2018-1-29,0.13091757287500005
2018-1-30,-1.497420988593745
2018-1-31,-0.513473287951971
2018-2-1,-0.09113535207865286
2018-2-2,-1.2309195968949305
2018-2-5,-1.8981687444759698
2018-2-6,-3.3838805753370615
2018-2-7,1.767990904282124
2018-2-8,-1.1838609080106144
2018-2-9,-2.194086115249194
2018-2-12,1.1503632147227938
2018-2-13,0.23253936608029768
2018-2-14,1.6645735886910984
2018-2-15,1.0727063790505253
2018-2-16,1.0885935310825934
2018-2-19,-0.2316703087352101
2018-2-20,0.0567073108730165
2018-2-21,0.13737033560676792
2018-2-22,0.09440941515741486
2018-2-23,-0.6804884045907733
2018-2-26,0.664184195360451
2018-2-27,0.09987752206650491
2018-2-28,-1.6164381744084078
2018-3-1,0.041983654889876654
2018-3-2,-1.276170382022901
2018-3-5,1.8541654550911613
2018-3-6,0.3195159022054028
2018-3-7,1.3850586809754706
2018-3-8,-0.8049918355804486
2018-3-9,1.3467668523770682
2018-3-12,0.8050097138617041
2018-3-13,-0.4215198157623945
2018-3-14,-0.7452315283879352
2018-3-15,-0.5100799153721081
2018-3-16,1.0054185293169038
2018-3-19,-1.413841568557217
2018-3-20,-0.04746135041656663
2018-3-21,1.5477040332714687
2018-3-22,-1.5744104290691396
2018-3-23,-1.9814501057937584
2018-3-26,-0.8699796750523459
2018-3-27,1.1455099795938173
2018-3-28,-1.3954935555340664
2018-3-29,-0.04875274234175109
2018-4-3,0.2801257745239871
2018-4-4,0.5869200503143102
2018-4-5,2.3019246416989825
2018-4-6,-1.1701377621125553
2018-4-9,0.01772728040856375
2018-4-10,0.8346524050500959
2018-4-11,-0.098809447747783
2018-4-12,0.5625204367078585
2018-4-13,-0.137038595818062
2018-4-16,0.6700770947289936
2018-4-17,1.1870949555171206
2018-4-18,0.016168148746986688
2018-4-19,-0.34306987096087704
2018-4-20,-0.469863901490597
2018-4-23,-0.14414601416613548
2018-4-24,0.6555774625233601
2018-4-25,-1.2726724145728396
2018-4-26,0.2705320757954599
2018-4-27,0.10689296578139107
2018-4-30,-0.10669853569448273
2018-5-2,-0.34808286957861423
2018-5-3,-0.7608314771611613
2018-5-4,1.5790820263374306
2018-5-7,0.5757208629470822
2018-5-8,-0.0525815459160861
2018-5-9,-0.10116337885685
2018-5-10,1.7442337620802606
2018-5-11,0.19564542485084324
2018-5-14,-0.4439953493826976
2018-5-15,0.14846636591399065
2018-5-16,0.8501241153331618
2018-5-17,0.8963251039591169
2018-5-18,-0.152632917832618
2018-5-21,0.1273885350318693
2018-5-22,0.9649048368182589
2018-5-23,-1.3044036031568562
2018-5-24,-0.08120438903842508
2018-5-25,-0.12805969081275403
2018-5-28,-0.19432354172188582
2018-5-29,0.024948654452017216
2018-5-30,1.6056758844703367
2018-5-31,-0.39021925298737825
2018-6-1,-0.058609385146446424
2018-6-4,0.31060599674626044
2018-6-5,0.4983333563036041
2018-6-6,0.5695276923905368
2018-6-7,0.34075283533787637
2018-6-8,0.22101517006387628
2018-6-11,0.4532043038431688
2018-6-12,0.0586730472958541
2018-6-13,0.31652961358952236
2018-6-14,-1.4712899176513194
2018-6-15,0.42071204596250134
2018-6-18,0.890958518870355
2018-6-19,-0.46967914734422633
2018-6-20,0.9848130927065268
2018-6-21,-0.23192979268933378
2018-6-22,0.24340262642452704
2018-6-25,-2.043431888994951
2018-6-26,-0.050238301755256565
2018-6-27,0.29281840652513047
2018-6-28,-1.1538692260512962
2018-6-29,1.216388695821391
2018-7-2,-1.21731558826228
2018-7-3,1.3092851356730328
2018-7-4,-0.08368705638065466
2018-7-5,-0.18217656778197755
2018-7-6,1.1317420873016015
2018-7-9,1.084999575011869
2018-7-10,0.11853366700258494
2018-7-11,-1.3035401211695108
2018-7-12,-0.45649545509217626
2018-7-13,1.1711693201646112
2018-7-16,-0.9994011648851608
2018-7-17,0.006816029674117097
2018-7-18,0.40222559763491983
2018-7-19,0.7993325532447138
2018-7-20,-0.25959522258668377
2018-7-23,-0.37267113676018315
2018-7-24,-0.1854911214191901
2018-7-25,-0.32797334893698293
2018-7-26,-0.7418144611187172
2018-7-27,0.6860507661757831
2018-7-30,0.051371060140903424
2018-7-31,0.14381929678206617
2018-8-1,-0.3121348683217895
2018-8-2,0.09204470733112924
2018-8-3,0.4198027515063707
2018-8-6,0.5139155547630114
2018-8-7,0.9854739619861386
2018-8-8,-0.7650613144411067
2018-8-9,-0.09462616072306584
2018-8-10,-0.020976454682031243
2018-8-13,-0.4667866810888599
2018-8-14,0.6663991427080962
2018-8-15,-0.839696268504253
2018-8-16,0.834798233666767
2018-8-17,0.211495165022213
2018-8-20,1.1370484176251194
2018-8-21,0.8708932943993553
2018-8-22,-0.18371872722767746
2018-8-23,-0.8671938371604737
2018-8-24,0.6406850236226891
2018-8-27,0.627331347525395
2018-8-28,-0.6300329531156112
2018-8-29,0.28613905861163413
2018-8-30,-0.24955567996199912
2018-8-31,-0.3628819004334205
2018-9-3,0.6281362737178942
2018-9-4,-0.6633736386107203
2018-9-5,-0.10889954689885517
2018-9-6,-0.2869544074093455
2018-9-7,-0.4718708919087322
2018-9-10,0.19414492518430304
2018-9-11,0.09753680513842067
2018-9-12,-0.21629763726979112
2018-9-13,0.18237571744363912
2018-9-14,0.1740809493430806
2018-9-17,-0.06977673138715001
2018-9-18,-0.3299623437729493
2018-9-19,0.3101558997415266
2018-9-20,0.3349105889692394
2018-9-21,0.3384235549106718
2018-9-24,-1.3599009065778378
2018-9-25,0.5107873861818657
2018-9-26,-0.5463877644102277
2018-9-27,-0.48976068919914795
2018-9-28,0.05856933229562156
2018-10-1,-0.025443859342333397
2018-10-2,-1.2724175676439242
2018-10-4,0.04047679452319208
2018-10-5,-1.0853870283066613
2018-10-8,-0.27143343373180473
2018-10-9,0.4562408567060139
2018-10-10,-1.7083367757703694
2018-10-11,-1.7858023720186855
2018-10-12,-1.2634885732201395
2018-10-15,0.06660641167246517
2018-10-16,0.9903334766542926
2018-10-17,-0.23609062715036488
2018-10-18,-0.3777523267869398
2018-10-19,-0.2487243148485141
2018-10-22,-0.6994705428107983
2018-10-23,-2.0379721194198064
2018-10-24,-0.5207513345182657
2018-10-25,-0.32517598690748883
2018-10-26,-0.9689393114377776
2018-10-29,0.8707921333471313
2018-10-30,-0.07723892296308543
2018-10-31,1.506622109566469
2018-11-1,0.6670526652590159
2018-11-2,0.16932585866464844
2018-11-5,0.7199465317766718
2018-11-6,0.347652281846611
2018-11-7,0.46634079574403575
2018-11-8,0.6160984949905357
2018-11-9,-0.644717716073484
2018-11-12,-1.6731533908146745
2018-11-13,0.9698577548691745
2018-11-14,-1.288128435881919
2018-11-15,-0.5482717294686079
2018-11-16,0.36607912982611346
2018-11-19,-0.20462720211136265
2018-11-20,-2.1649818439572477
2018-11-21,1.2492365639444447
2018-11-22,-1.2654470408201557
2018-11-23,1.125261845783232
2018-11-26,0.11590467088420375
2018-11-27,-0.0019209861733648914
2018-11-28,0.7229908092192261
2018-11-29,0.6974182677828455
2018-11-30,-0.16479941112129692
2018-12-3,0.5321044027706501
2018-12-4,-1.2937190159100553
2018-12-5,-1.668254305641137
2018-12-6,-2.797423198778426
2018-12-7,1.3511504778149996
2018-12-10,-3.041154853799588
2018-12-11,1.4947106081017125
2018-12-12,0.5273877702462793
2018-12-13,-1.174029625611317
2018-12-14,-1.0438319358530679
2018-12-17,-1.1811130256789926
2018-12-18,-1.7577274740104398
2018-12-19,-0.8923652480224642
2018-12-20,-2.8595294804169002
2018-12-21,-0.8909483696593834
2018-12-27,-0.5055585261455553
2018-12-28,1.4891055209116377
2019-1-2,1.352595172942106
2019-1-3,-0.008118440941751182
2019-1-4,1.5714133204987046
2019-1-7,2.3315988062030835
2019-1-8,0.6233299644724299
2019-1-9,2.0136419360372804
2019-1-10,0.2050642916868073
2019-1-11,0.18693673371621422
2019-1-14,0.11170649567551205
2019-1-15,0.11475399888756233
2019-1-16,1.1063114470495794
2019-1-17,0.33001357060151726
2019-1-18,1.5272398983218416
2019-1-21,-0.3462818341088303
2019-1-22,-0.556599445093986
2019-1-23,-0.9361211231361244
2019-1-24,0.3097287869113785
2019-1-25,1.6570259872683124
2019-1-28,-0.48365923713741266
2019-1-29,0.1373540702273912
2019-1-30,0.73928741945406
2019-1-31,0.19958231387431358
2019-2-1,0.20091446501204757
2019-2-4,0.7713798978420394
2019-2-5,0.6630625772076515
2019-2-6,-0.2657526937113075
2019-2-7,-1.522463509961125
2019-2-8,0.07092786076450253
2019-2-11,0.7786858073269176
2019-2-12,1.8680008213025845
2019-2-13,-0.20994394686806306
2019-2-14,0.6613738591180862
2019-2-15,1.5146348930088926
2019-2-18,-0.15808384957869404
2019-2-19,0.3598825278878337
2019-2-20,0.15501943106130955
2019-2-21,0.18996318772135368
2019-2-22,0.6268271339539222
2019-2-25,0.40828833149375576
2019-2-26,-0.7637428638324617
2019-2-27,-0.781832293327156
2019-2-28,0.07034832883869857
2019-3-1,0.004414874581581962
2019-3-4,0.27274392074290166
2019-3-5,-0.39545206965665436
2019-3-6,-1.080556789858711
2019-3-7,-1.6277970538817632
2019-3-8,-0.980975889923752
2019-3-11,1.3605309287090472
2019-3-12,0.5032551177836408
2019-3-13,0.5174399240748029
2019-3-14,-0.420275429536332
2019-3-15,0.3439921679832425
2019-3-18,-0.24545674006952733
2019-3-19,0.771075203158067
2019-3-20,-1.7615260626169804
2019-3-21,1.217362638647712
2019-3-22,-3.046246735739777
2019-3-25,-0.17801329981416147
2019-3-26,0.7840955670978422
2019-3-27,0.1501649262783511
2019-3-28,0.21769662246604593
2019-3-29,0.8078080089455986
2019-4-1,1.0951904916597144
2019-4-2,0.3582882454591818
2019-4-3,0.4861070105678378
2019-4-4,0.38111805263132403
2019-4-5,0.892586956249164
2019-4-8,0.12795892722281543
2019-4-9,-0.7861383232155905
2019-4-10,0.18307783063380434
2019-4-11,0.4515226216651902
2019-4-12,0.3834659989347733
2019-4-15,0.27468208592009713
2019-4-16,-0.3446130497269717
2019-4-17,-0.08852783497095285
2019-4-18,-0.303461826201068
2019-4-23,0.9040109055240109
2019-4-24,0.05099459619994917
2019-4-25,-0.7480164781553889
2019-4-26,0.2818978533829508
2019-4-29,1.0382509004816187
2019-4-30,-0.9249247228117263
2019-5-2,-1.4878347114188228
2019-5-3,1.7713085734762046
2019-5-6,0.22805403305243832
2019-5-7,-1.0639814505857825
2019-5-8,-0.6860931753803645
2019-5-9,-1.8152961814095314
2019-5-10,-0.24186397852478114
2019-5-13,-1.3819126112949776
2019-5-14,0.8781903291960935
2019-5-15,0.05134876136965172
2019-5-16,1.0897635876623735
2019-5-17,-0.9280383285038996
2019-5-20,-1.4763886316211616
2019-5-21,0.9490467333303387
2019-5-22,-1.0060830019679057
2019-5-23,-1.5512605908388544
2019-5-24,-0.4629384265686154
2019-5-27,0.49577217874976487
2019-5-28,-0.44975014382994116
2019-5-29,-1.5780797405339886
2019-5-30,0.057919596535849216
2019-5-31,-1.1233167787459197
2019-6-3,0.33734374442175863
2019-6-4,2.323738612025661
2019-6-5,-0.30060404039982114
2019-6-6,-0.45609117357121587
2019-6-7,0.8680098567218186
2019-6-11,1.3213252427428213
2019-6-12,-1.3983314803161062
2019-6-13,0.8371534295623206
2019-6-14,-0.2824222434471557
2019-6-17,0.07313854301136402
2019-6-18,1.5331635695681411
2019-6-19,-0.06965521890548443
2019-6-20,0.5012084049135446
2019-6-21,0.3765875885041181
2019-6-24,-1.0609913151924055
2019-6-25,-0.9478169320401908
2019-6-26,0.2051262489973782
2019-6-27,0.4702463501504939
2019-6-28,1.8883182713535396
2019-7-1,0.4964031632832544
2019-7-2,-0.7217142100607532
2019-7-3,0.9075478930852698
2019-7-4,0.40566273238609174
2019-7-5,-0.46983767811050736
2019-7-8,-0.13568589136453424
2019-7-9,-0.9260993611183488
2019-7-10,0.3207356984854748
2019-7-11,-0.4914380548802333
2019-7-12,1.3204116293715318
2019-7-15,-0.9321858060290511
2019-7-16,0.6853700532901019
2019-7-17,-0.9183955163693969
2019-7-18,-0.3418915214696838
2019-7-19,0.2374153221014197
2019-7-22,-0.7354100428639598
2019-7-23,0.38903024406142794
2019-7-24,1.2086096852671036
2019-7-25,0.3791780761388752
2019-7-26,0.2826724208683018
2019-7-29,-0.15234365138727668
2019-7-30,0.08076094759512653
2019-7-31,0.9595439682344997
2019-8-1,-0.6468180322469319
2019-8-2,-4.128719480945486
2019-8-5,-1.913136578873198
2019-8-6,-0.8722950823965903
2019-8-7,-0.10821200420424448
2019-8-8,2.4265277194794654
2019-8-9,-0.8238350518734006
2019-8-12,-1.181238957520836
2019-8-13,0.8839102389400555
2019-8-14,-2.53916492586731
2019-8-15,-0.6868241486383653
2019-8-16,1.6711529996834118
2019-8-19,1.6255793786035921
2019-8-20,-0.5381100472293232
2019-8-21,0.18137253872572145
2019-8-22,0.0523258367473467
2019-8-23,-1.7391050974992273
2019-8-26,-0.742405146642211
2019-8-27,-0.6398725236344882
2019-8-28,0.6699172454335711
2019-8-29,1.7937666322574763
2019-8-30,0.002870859653003599
2019-9-2,-0.33873339130386926
2019-9-3,-0.9848139641129183
2019-9-4,1.0838129432691135
2019-9-5,2.415142904239609
2019-9-6,0.2163467191220958
2019-9-9,1.2069801798687774
2019-9-10,1.262203801512407
2019-9-11,1.8902898876272944
2019-9-12,0.44181651023089685
2019-9-13,0.5496866792605637
2019-9-16,0.07727240569603833
2019-9-17,-0.6243348625110112
2019-9-18,-1.3340504735263825
2019-9-19,1.1297883532915831
2019-9-20,-0.2993527386101702
2019-9-23,-0.706580106738397
2019-9-24,-0.3673763079003689
2019-9-25,-0.14896453669449583
2019-9-26,-0.4881970924273227
2019-9-27,0.6167191858923227
2019-9-30,-0.7918084973439488
2019-10-1,0.016704666761468978
2019-10-2,-3.2599654390568222
2019-10-4,0.5474867551581664
2019-10-7,0.7230548232611156
2019-10-8,-1.6878791197331489
2019-10-9,0.2170702490907006
2019-10-10,1.1212486701665414
2019-10-11,2.5396666163938875
2019-10-14,-1.2096384750491462
2019-10-15,0.9692246768702617
2019-10-16,0.49399719796621167
2019-10-17,0.3293238257352282
2019-10-18,0.1883645080395402
2019-10-21,1.1342991858708018
2019-10-22,-0.4301721734613295
2019-10-23,0.6464195261363326
2019-10-24,0.019977994821407385
2019-10-25,0.5131111647137976
2019-10-28,0.8645151519361294
2019-10-29,0.21372641991657115
2019-10-30,-0.8361483019429072
2019-10-31,-1.2618076934742928
2019-11-1,2.0349428439651707
2019-11-4,1.0691056185326842
2019-11-5,1.092924828600994
2019-11-6,-0.8156440054019054
2019-11-7,0.7278282106244927
2019-11-8,-0.44503980904434526
2019-11-11,-0.5614502088467366
2019-11-12,0.46769525965026926
2019-11-13,-0.6706991256063888
2019-11-14,0.13628929674724954
2019-11-15,0.30765402483536874
2019-11-18,-0.6934892661061731
2019-11-19,0.19175939872775327
2019-11-20,0.0054379570748830375
2019-11-21,-1.444792497957459
2019-11-22,0.3456107146125209
2019-11-25,1.776451515792865
2019-11-26,0.20743056384795455
2019-11-27,0.3026811368607607
2019-11-28,0.06718952457740457
2019-11-29,-0.2054944088622057
2019-12-2,-0.7354852169127013
2019-12-3,-1.5102275577349666
2019-12-4,1.5393120487403822
2019-12-5,-0.04828460017365366
2019-12-6,1.7468692258451934
2019-12-9,-0.04235427758245702
2019-12-10,-0.1094402515060211
2019-12-11,-0.028342886783261356
2019-12-12,1.206059303704099
2019-12-13,-0.9230877047361252
2019-12-16,1.5873883451770876
2019-12-17,-0.6749438118352491
2019-12-18,1.0525892800496095
2019-12-19,0.68476173256109
2019-12-20,0.5895093967718701
2019-12-23,-0.6494624379679848
2019-12-27,0.7453837250076534
2019-12-30,-0.4314076537871858
2020-1-2,-1.027995003062887
2020-1-3,0.05140493522513001
2020-1-6,0.16890482656142236
2020-1-7,0.027927954756035156
2020-1-8,-0.330125926349778
2020-1-9,-0.22649186727063952
2020-1-10,-0.4278868783719303
2020-1-13,0.23300928166833934
2020-1-14,0.6986750104321926
2020-1-15,0.4137248826464601
2020-1-16,0.8483940450358496
2020-1-17,-0.2806688640234367
2020-1-20,0.1392494467325811
2020-1-21,-1.3396554502044244
2020-1-22,0.05249988827771279
2020-1-23,-0.723461767367628
2020-1-24,-0.5784776983876694
2020-1-27,-2.013129647306422
2020-1-28,0.8619682164478837
2020-1-29,-0.11442478531236144
2020-1-30,-1.3912088847547022
2020-1-31,-0.8331255504473445
2020-2-3,0.2701574531017936
2020-2-4,1.5901073738561866
2020-2-5,1.2491589584773477
2020-2-6,0.16348526939660157
2020-2-7,-1.387114639888698
2020-2-10,-0.4124984277112942
2020-2-11,1.0538813619366705
2020-2-12,0.4844222070746973
2020-2-13,0.272142406397724
2020-2-14,-0.049538786370828536
2020-2-17,0.1651925804859511
2020-2-18,-1.2329524891179555
2020-2-19,1.0397970608789997
2020-2-20,-0.09503885654872368
2020-2-21,-0.1862155229658491
2020-2-24,-3.2678894320464114
2020-2-25,-1.888259567227979
2020-2-26,-1.966424201717909
2020-2-27,-4.131643333613521
2020-2-28,-3.359161812703537
2020-3-2,0.9705215419500979
2020-3-3,0.7229522881501138
2020-3-4,-0.4820505637570305
2020-3-5,-0.5189010902430513
2020-3-6,-4.686673132185593
2020-3-9,-8.078040290542122
2020-3-10,-3.914305229421988
2020-3-11,-0.594773616928912
2020-3-12,-10.762418947206786
2020-3-13,-0.8557556061933314
2020-3-16,-2.920514031590027
2020-3-17,-1.9569727736730713
2020-3-18,-6.796654112687895
2020-3-19,-0.7912599853647673
2020-3-20,2.6075957029044083
2020-3-23,-6.964137998248365
2020-3-24,10.503154959727956
2020-3-25,4.135176431031051
2020-3-26,5.412830761265375
2020-3-27,-4.484143090143355
2020-3-30,-0.3311272771372442
2020-3-31,2.157237316775684
2020-4-1,-6.240336475554065
2020-4-2,-0.7270657515614065
2020-4-3,-3.2089878224094592
2020-4-6,5.277842047779391
2020-4-7,6.212868469416133
2020-4-8,1.3045910746267042
2020-4-9,6.6218265653860575
2020-4-14,-1.5938460053315784
2020-4-15,-5.109086775278726
2020-4-16,-1.3229798796614345
2020-4-17,4.738769763729156
2020-4-20,0.021296785708702082
2020-4-21,-4.274028433748667
2020-4-22,1.8723354388022972
2020-4-23,1.689384171955144
2020-4-24,-0.7324497612180236
2020-4-27,4.71743605601771
2020-4-28,4.068744863931517
2020-4-29,4.467166784792798
2020-4-30,-2.3311302759958297
2020-5-4,-5.8720760449025295
2020-5-5,3.6719443092356974
2020-5-6,-3.974301462995178
2020-5-7,2.4770035934204238
2020-5-8,1.9658804219105708
2020-5-11,-1.0893437842081855
2020-5-12,-0.41697188118884343
2020-5-13,-6.60279238372069
2020-5-14,-1.2349968309762316
2020-5-15,2.687066381640313
2020-5-18,7.5056813449040805
2020-5-19,0.8640656749578923
2020-5-20,0.7923627953067447
2020-5-21,-0.3539008803183141
2020-5-22,-0.46727078052980486
2020-5-25,2.6884568004908127
2020-5-26,2.5918662988951624
2020-5-27,2.053229836279402
2020-5-28,1.7321486665027752
2020-5-29,-4.1040374843789635
2020-6-2,4.321936439215235
2020-6-3,4.93559248787292
2020-6-4,0.8001508815077774
2020-6-5,8.075931956319327
2020-6-8,1.9766959808891205
2020-6-9,-2.82696222818567
2020-6-10,-4.0175748630350006
2020-6-11,-8.77272822852191
2020-6-12,0.9214559810618583
2020-6-15,0.2844365076289268
2020-6-16,5.674161300818792
2020-6-17,-2.1165606909208545
2020-6-18,-1.1720834673016767
2020-6-19,0.30231973092502695
2020-6-22,-2.5316808125738333
2020-6-23,0.8199701128974946
2020-6-24,-4.361547752437033
2020-6-25,-0.4476218397932885
2020-6-26,-0.5230539778196097
2020-6-29,2.8199394042318415
2020-6-30,0.7353701049546801
2020-7-1,-0.7925368387586618
2020-7-2,1.2224610416523563
2020-7-3,-1.4130137645256946
2020-7-6,1.4332726797544604
2020-7-7,-1.2201936503545618
2020-7-8,-1.716294488660508
2020-7-9,-2.634773037386917
2020-7-10,2.145729612053149
2020-7-13,1.4107492178627723
2020-7-14,0.22185587515834992
2020-7-15,3.946113088132308
2020-7-16,1.0485892068334168
2020-7-17,-0.4363648935253317
2020-7-20,-1.7782371971911348
2020-7-21,3.4076506357798797
2020-7-22,-0.710016416228787
2020-7-23,1.1783930670470344
2020-7-24,-0.8200020950662745
2020-7-27,-1.207351590529926
2020-7-28,0.8856944200971828
2020-7-29,0.9529858185254536
2020-7-30,-0.13051957495618938
2020-7-31,-2.905227703765112
2020-8-3,2.8537249772505158
2020-8-4,0.7473715563989458
2020-8-5,1.761390521779438
2020-8-6,0.6003485151297561
2020-8-7,0.14731637468616832
2020-8-10,4.1250992581454815
2020-8-11,1.7037246625171587
2020-8-12,-0.9275243995965243
2020-8-13,-1.2815779778374004
2020-8-14,0.6355065925990111
2020-8-17,-0.3108902234631006
2020-8-18,-1.1855958550084922
2020-8-19,-0.422124800806567
2020-8-20,-0.9746971828627604
2020-8-21,-1.009342079696296
2020-8-24,2.0110545716918837
2020-8-25,-0.27374186841984116
2020-8-26,-0.3396175249058331
2020-8-27,0.9425118647419239
2020-8-28,0.20784549217567339
2020-8-31,-0.9291796818283737
2020-9-1,0.3625108073129768
2020-9-2,0.9600996345517698
2020-9-3,-1.2267856936438615
2020-9-4,-0.8132786392020641
2020-9-7,1.6715084480306341
2020-9-8,-2.8806150299257816
2020-9-9,-0.3364246572286622
2020-9-10,-0.14616674896685833
2020-9-11,-0.7460567189826905
2020-9-14,1.4634010803897812
2020-9-15,0.9445337369573759
2020-9-16,0.3913572080786132
2020-9-17,-0.15556752433413257
2020-9-18,-0.6102758411713927
2020-9-21,-5.163903248813306
2020-9-22,-0.19284715509814143
2020-9-23,0.4718327156560065
2020-9-24,-2.6126181514194324
2020-9-25,0.5304983123245677
2020-9-28,3.8645668057544214
2020-9-29,-1.8016732488132625
2020-9-30,1.5454010629614157
2020-10-1,-0.1092675267591936
2020-10-2,1.434878973789977
2020-10-5,3.219586732718338
2020-10-6,1.735102124336363
2020-10-7,0.09791394511839968
2020-10-8,1.112344676167143
2020-10-9,0.8772199265668856
2020-10-12,0.6891228882662803
2020-10-13,-1.5451421181183589
2020-10-14,0.6272128220290663
2020-10-15,-0.7549287931928883
2020-10-16,1.7395370043651548
2020-10-19,-0.27787159162296904
2020-10-20,0.1211272051273582
2020-10-21,-0.8243056241249547
2020-10-22,0.6839167786569789
2020-10-23,2.066769550524805
2020-10-26,-3.4134258548572993
2020-10-27,-1.0567540412920295
2020-10-28,-2.6551900915586457
2020-10-29,-0.03759741283536622
2020-10-30,0.0024464654286626697
2020-11-2,2.5273438655360136
2020-11-3,2.2497710422062944
2020-11-4,-0.04415877068365548
2020-11-5,1.732677661444404
2020-11-6,-0.6688050814892876
2020-11-9,7.373036447777981
2020-11-10,1.2114540356048753
2020-11-11,-0.5975563180321886
2020-11-12,-1.2521900404148134
2020-11-13,1.0133621465989506
2020-11-16,4.411012776875212
2020-11-17,-0.3628363764552889
2020-11-18,1.8199445847319362
2020-11-19,-2.2188089282405454
2020-11-20,0.3115061498037308
2020-11-23,3.097176837998239
2020-11-24,3.6486425585530835
2020-11-25,-1.0817088855653467
2020-11-26,-0.32286648469876944
2020-11-27,-0.5052707156002478
2020-11-30,-1.4102986686524766
2020-12-1,0.7342475874061449
2020-12-2,0.7365031783515219
2020-12-3,1.2463958011254217
2020-12-4,1.7971804724477458
2020-12-7,0.017682497628390692
2020-12-8,0.1316606583974922
2020-12-9,0.604928858458309
2020-12-10,0.17955985251418838
2020-12-11,-0.7841816519383205
2020-12-14,0.11815224975479932
2020-12-15,0.05127882667916861
2020-12-16,1.2427715530931138
2020-12-17,0.14377787374879603
2020-12-18,0.3022353583601589
2020-12-21,-2.260083955343295
2020-12-22,0.3227615056848654
2020-12-23,2.0756839252731307
2020-12-28,0.583852495938797
2020-12-29,-1.6978758116142245
2020-12-30,0.40660660076836663
2021-1-4,-1.0227140308660787
2021-1-5,2.368319586492462
2021-1-6,5.326204373630605
2021-1-7,0.6331864496939232
2021-1-8,-0.8834897081146154
2021-1-11,0.09988672060874393
2021-1-12,2.982528184687405
2021-1-13,-1.239078551387618
2021-1-14,2.084655910785882
2021-1-15,-1.8612599211729752
2021-1-18,1.0805647077591685
2021-1-19,0.18106960994233035
2021-1-20,0.12920216696876707
2021-1-21,-0.6630696324185004
2021-1-22,-0.8580157946816547
2021-1-25,0.5915800524151971
2021-1-26,0.33526307703548586
2021-1-27,1.1372305394813598
2021-1-28,-1.675851813441842
2021-1-29,-0.31364551962019815
2021-2-1,-1.5064457899984451
2021-2-2,1.962026247224924
2021-2-3,-0.7228553390001502
2021-2-4,2.2935679573308665
2021-2-5,1.5484401567697592
2021-2-8,1.1331657263495831
2021-2-9,0.4586426770140095
2021-2-10,0.47113885873177885
2021-2-11,0.35041756562406157
2021-2-12,-0.15753911025253586
2021-2-15,1.4666299487828605
2021-2-16,-0.6091816348107959
2021-2-17,-1.2531187588041393
2021-2-18,-0.8109619652151068
2021-2-19,1.6737151940270811
2021-2-22,2.1579989273163402
2021-2-23,-1.0822473942838307
2021-2-24,3.557613311758856
2021-2-25,-0.6443229352483204
2021-2-26,-2.2011883581425695
2021-3-1,2.595065098452931
2021-3-2,-0.41519830443752515
2021-3-3,1.6062125303072161
2021-3-4,-1.7065515021647881
2021-3-5,-1.5687645924757132
2021-3-8,5.649197669218631
2021-3-9,0.9300523149713191
2021-3-10,1.681782344920224
2021-3-11,1.3530178258172931
2021-3-12,0.7968848077849033
2021-3-15,-0.18994135055127037
2021-3-16,-0.9837165310042972
2021-3-17,0.1699475114520066
2021-3-18,1.0409877410637591
2021-3-19,-1.8666342672509773
2021-3-22,-2.7415042105956244
2021-3-23,-1.6477546352141492
2021-3-24,-0.18627789739974476
2021-3-25,-1.0691832611334884
2021-3-26,3.4225304454668315
2021-3-29,-1.6283002191017748
2021-3-30,0.8468395155876385
2021-3-31,0.2542081281821096
2021-4-1,0.7267278334288862
2021-4-6,1.6708117061626115
2021-4-7,-1.6575407371174244
2021-4-8,-0.21071359090920616
2021-4-9,0.7470561182315594
2021-4-12,0.21032875091664405
2021-4-13,-0.7458068847527088
2021-4-14,2.3797315457697588
2021-4-15,-1.415751614469829
2021-4-16,0.7919234512131723
2021-4-19,-0.6142707555273352
2021-4-20,-2.8880839081918075
2021-4-21,1.335968286961653
2021-4-22,1.8650412982476716
2021-4-23,0.7557084469730802
2021-4-26,1.0230099955426564
2021-4-27,0.25789331287475736
2021-4-28,0.4840565195170843
2021-4-29,0.10243546644042034
2021-4-30,-1.0004154546144006
2021-5-3,0.857306652647627
2021-5-4,-0.6720305009650152
2021-5-5,1.4774615331573093
2021-5-6,-0.6334819269043224
2021-5-7,1.6739047079799452
2021-5-10,0.9812386668484052
2021-5-11,-3.1256382924366832
2021-5-12,-0.2027931438908559
2021-5-13,-0.978608587157137
2021-5-14,2.3588495070847815
2021-5-17,0.8168647169538801
2021-5-18,0.6556611445056371
2021-5-19,-3.705792345396497
2021-5-20,0.9874935720069811
2021-5-21,1.0238067252789085
2021-5-25,-0.2849858885216161
2021-5-26,0.27643869042059954
2021-5-27,1.6445738032591528
2021-5-28,-0.013709845643139484
2021-5-31,-0.03248073673962626
2021-6-1,1.2284922673837517
2021-6-2,0.47970993172188336
2021-6-3,-0.5256703029426824
2021-6-4,-0.36063806320216774
2021-6-7,0.9216291080352379
2021-6-8,0.3657640293157183
2021-6-9,0.36676208397572463
2021-6-10,-0.9657260603566309
2021-6-11,0.2928266026058557
2021-6-14,-0.48631608550903094
2021-6-15,-0.7531089407976643
2021-6-16,-0.2828736360874662
2021-6-17,-1.4451785110722426
2021-6-18,-1.749456381038772
2021-6-21,1.2758799550423694
2021-6-22,0.3124671836347792
2021-6-23,0.226270165695186
2021-6-24,0.5599488204312664
2021-6-25,1.1844871185304529
2021-6-28,-1.654968821147207
2021-6-29,0.4127346720647518
2021-6-30,-0.46434557501460194
2021-7-1,1.173338408705571
2021-7-2,-0.5968004288571804
2021-7-5,0.049384773187743924
2021-7-6,-2.656137308870443
2021-7-7,0.3196233656944436
2021-7-8,-0.9457113490837443
2021-7-9,1.629936695334
2021-7-12,0.39174452615817756
2021-7-13,-1.5854087150312557
2021-7-14,-0.2595899605762897
2021-7-15,-0.5560266177804807
2021-7-16,-0.47784401298218704
2021-7-19,-3.001653058846765
2021-7-20,2.2071213760246122
2021-7-21,1.5378128779906852
2021-7-22,-1.6116936105695423
2021-7-23,0.7550756677218828
2021-7-26,0.7589070612617155
2021-7-27,-1.0185665549984457
2021-7-28,1.0067763419532971
2021-7-29,1.857062723316183
2021-7-30,-0.6780676931333662
2021-8-2,-0.11279184117736207
2021-8-3,-0.3545457004573205
2021-8-4,-0.5067691963697718
2021-8-5,0.7787619325130724
2021-8-6,1.042759327705567
2021-8-9,-0.6140672397864533
2021-8-10,1.0669612560554098
2021-8-11,-0.09424989175054188
2021-8-12,0.19258017160654894
2021-8-13,0.15977630098860107
2021-8-16,-0.6212428444440476
2021-8-17,-1.740989074051702
2021-8-18,0.5831925524900861
2021-8-19,-3.2316288810903204
2021-8-20,1.5625846970237722
2021-8-23,1.3626774192713187
2021-8-24,1.1320263726400936
2021-8-25,1.2028937533717032
2021-8-26,-1.1073003333532339
2021-8-27,1.7497260143857885
2021-8-30,-0.12119094290323762
2021-8-31,-0.13256887040690168
2021-9-1,-0.3660135902510242
2021-9-2,1.3051276815614798
2021-9-3,-1.2213991762528797
2021-9-6,0.4197536904909871
2021-9-7,-0.2550373242803383
2021-9-8,-1.6833609205210043
2021-9-9,0.656375688512778
2021-9-10,-0.9999885179124757
2021-9-13,0.28713417612440395
2021-9-14,-0.9742549258771938
2021-9-15,0.5604499330779333
2021-9-16,0.05770981017758636
2021-9-17,-0.45067643276758274
2021-9-20,-2.611535893395023
2021-9-21,0.6308786282906764
2021-9-22,1.5545641187404202
2021-9-23,1.8395659973464484
2021-9-24,0.2844721502772707
2021-9-27,2.103446571219214
2021-9-28,-1.0825855291640152
2021-9-29,-0.36936480291821505
2021-9-30,-0.5200536887763674
2021-10-1,0.12282995276773345
2021-10-4,0.40225870094312555
2021-10-5,0.9001451613109168
2021-10-6,-2.2881709412999163
2021-10-7,3.158156866243189
2021-10-8,-0.15206964629056463
2021-10-11,0.17128732917779388
2021-10-12,-0.8555058252769587
2021-10-13,-0.030541753949164807
2021-10-14,1.290163462910665
2021-10-15,1.2369555207847327
2021-10-18,-0.8087801974180686
2021-10-19,0.033454250354902904
2021-10-20,1.094039916257672
2021-10-21,-0.55554950616169
2021-10-22,0.6541035138307283
2021-10-25,0.8754437439364882
2021-10-26,-0.21534272890247896
2021-10-27,-1.7965691626595004
2021-10-28,-0.35538531536355444
2021-10-29,0.702908003986491
2021-11-1,1.943755797909219
2021-11-2,0.040334186472468225
2021-11-3,1.5791141805177933
2021-11-4,-0.3620026839173618
2021-11-5,1.7800040463006317
2021-11-8,0.4061500292328324
2021-11-9,-0.9057665401446924
2021-11-10,-0.23950937655903282
2021-11-11,0.2204899989361797
2021-11-12,-0.03861837692625825
2021-11-15,-0.41807216678879655
2021-11-16,0.1529847921827976
2021-11-17,-0.9381540648364162
2021-11-18,-0.08241085560166672
2021-11-19,-1.2333045877455096
2021-11-22,1.4265208859503886
2021-11-23,-1.0059092353676746
2021-11-24,0.5097676341832891
2021-11-25,0.19565915168902048
2021-11-26,-4.983689361792798
2021-11-29,0.878480707466478
2021-11-30,-1.6049745430043671
2021-12-1,1.7907645113643955
2021-12-2,-2.1906819229335905
2021-12-3,0.6083931755051619
2021-12-6,1.8272660879147251
2021-12-7,2.0189330896147606
2021-12-8,-0.3665080215334293
2021-12-9,-0.954646303342177
2021-12-10,-1.0208824719993181
2021-12-13,-1.3251346357039395
2021-12-14,0.38052201322815726
2021-12-15,-1.4698761677638505
2021-12-16,2.9711141149382225
2021-12-17,-1.9336328394097824
2021-12-20,-3.795024228596744
2021-12-21,4.266694101335
2021-12-22,1.0995336548065726
2021-12-23,1.4314522356082326
2021-12-27,0.2527156536343611
2021-12-28,0.6731628424452962
2021-12-29,0.22605718475852132
2021-12-30,-0.023183455677777687
2022-1-3,0.49117121762654037
2022-1-4,1.523729038263344
2022-1-5,0.5763600230159982
2022-1-6,-1.5356826949767588
2022-1-7,0.28903018306307704
2022-1-10,-1.4951666035242561
2022-1-11,0.9678041875260446
2022-1-12,0.5282179228679018
2022-1-13,1.2575281480961653
2022-1-14,-1.6773204368533579
2022-1-17,1.3171377476714596
2022-1-18,-2.050328759657971
2022-1-19,-1.476446637426232
2022-1-20,0.5254303368954938
2022-1-21,-2.7124286656545205
2022-1-24,-3.3593417287164917
2022-1-25,1.1917174801304276
2022-1-26,1.60875538742844
2022-1-27,-1.180695535595433
2022-1-28,-2.8170456081003326
2022-1-31,2.560944892875261
2022-2-1,2.2641186396310298
2022-2-2,-0.5444160663321762
2022-2-3,0.3956920601333458
2022-2-4,-1.7290192085260392
2022-2-7,1.1534828785023876
2022-2-8,1.3732746916561345
2022-2-9,1.4829931388930628
2022-2-10,0.20526232449227244
2022-2-11,-0.9727040406148912
2022-2-14,-0.9008999551920804
2022-2-15,1.358940973503242
2022-2-16,0.6838579661889943
2022-2-17,-1.0841681124437064
2022-2-18,-1.1491893294351518
2022-2-21,-1.1763122698360218
2022-2-22,0.7618725504269008
2022-2-23,-1.3373749352541098
2022-2-24,-2.335360624337368
2022-2-25,3.9346747872240906
2022-2-28,1.2245954900071077
2022-3-1,-2.198056295533024
2022-3-2,2.2263030394058525
2022-3-3,-0.6112206247253615
2022-3-4,-1.982639304732292
2022-3-7,-0.15071639534152137
2022-3-8,-1.3457139932072426
2022-3-9,2.6029767619777378
2022-3-10,-1.7459844285996229
2022-3-11,1.1968961622733865
2022-3-14,-1.0703749834944043
2022-3-15,0.3013088706163236
2022-3-16,2.76539062036254
2022-3-17,0.536497036247674
2022-3-18,0.14529038323931598
2022-3-21,0.7823779997711
2022-3-22,0.3316208585528502
2022-3-23,-0.6527821935278233
2022-3-24,-0.26695778991281394
2022-3-25,0.8945096049662427
2022-3-28,-0.6826260119013772
2022-3-29,1.9544425780264385
2022-3-30,-0.036489317455545844
2022-3-31,-1.2763159553858316
2022-4-1,-0.24438276990899066
2022-4-4,-0.6543266489574817
2022-4-5,-0.5914235714453042
2022-4-6,-1.9177658524098251
2022-4-7,-1.4430922686993641
2022-4-8,1.867678418521579
2022-4-11,-0.3889522094552733
2022-4-12,0.7359374342550185
2022-4-13,0.25030080792429743
2022-4-14,0.7341330266763757
2022-4-19,0.874297103376187
2022-4-20,1.5160593748408502
2022-4-21,-0.6396402169058457
2022-4-22,-3.079827724000095
2022-4-25,-3.069191397719506
2022-4-26,0.3239031687249039
2022-4-27,-0.4468343830132726
2022-4-28,-0.8136600411993267
2022-4-29,1.9001803893987645
2022-5-2,-2.315978908138039
2022-5-3,1.8079017520752805
2022-5-4,0.1886346794365723
2022-5-5,-0.46875305554184843
2022-5-6,-1.3735544604814631
2022-5-9,-2.3106297808392573
2022-5-10,-2.1630433135090277
2022-5-11,1.8784960175590504
2022-5-12,-2.2852500466781223
2022-5-13,2.8983870412819135
2022-5-16,-0.3728102563805846
2022-5-17,2.586359512326508
2022-5-18,-1.659290351456677
2022-5-19,-1.0841575273271342
2022-5-20,-1.3652931541097924
2022-5-23,2.5814737408852872
2022-5-24,-3.2321810313880706
2022-5-25,3.157636558630861
2022-5-26,2.8081562970142304
2022-5-27,1.615722090905436
2022-5-30,0.9032631451630024
2022-5-31,-1.6242430820932352
2022-6-1,-1.1269775497372292
2022-6-2,2.040154387040327
2022-6-3,-0.31047531069020584
2022-6-6,0.9018166066780964
2022-6-7,0.04675518982608651
2022-6-8,0.31660701135227676
2022-6-9,-2.210887884211754
2022-6-10,-3.707478494983074
2022-6-13,-4.202442843890353
2022-6-14,-0.4897523815835192
2022-6-15,1.339282381251028
2022-6-16,-4.163330770481776
2022-6-17,-0.2559691961744104
2022-6-20,0.8210771470298805
2022-6-21,0.863793977340821
2022-6-22,-0.6113291556551936
2022-6-23,-0.22285968398689793
2022-6-24,3.8283351470124183
2022-6-27,0.7411249368598716
2022-6-28,-0.5932837623350173
2022-6-29,-2.8076881660553887
2022-6-30,-0.5048390842615103
2022-7-1,0.2720859975835044
2022-7-4,0.48100397046608734
2022-7-5,-1.5506020938838017
2022-7-6,0.38208566485549156
2022-7-7,2.580014810940545
2022-7-8,0.4630704651716444
2022-7-11,-1.9807123181649344
2022-7-12,0.8162712459563792
2022-7-13,-1.792315080370388
2022-7-14,-1.60234034226574
2022-7-15,2.869953319619989
2022-7-18,1.9711209275721453
2022-7-19,1.5590924338646062
2022-7-20,0.961865450319066
2022-7-21,0.42083966077099966
2022-7-22,0.3427903906237262
2022-7-25,0.27708079479924486
2022-7-26,-0.9782545710572244
2022-7-27,1.430356807819022
2022-7-28,1.3607535835260975
2022-7-29,1.151455082241415
2022-8-1,0.2466519758328234
2022-8-2,-0.39077201849614385
2022-8-3,0.7487029919485799
2022-8-4,-0.029268713006092018
2022-8-5,-0.22345050682520684
2022-8-8,1.7470695510161116
2022-8-9,-1.5594972811604713
2022-8-10,2.0981708048867453
2022-8-11,1.5594843320936969
2022-8-12,1.061744418532018
2022-8-15,-0.35496771679840444
2022-8-16,1.5422420105701384
2022-8-17,-1.306944331284432
2022-8-18,0.21784366379522524
2022-8-19,-1.5945709110031903
2022-8-22,-1.2160603307033058
2022-8-23,-0.36222522143694036
2022-8-24,0.1272030905530963
2022-8-25,1.010433014163814
2022-8-26,-1.9315914273197343
2022-8-29,-1.0176577978782797
2022-8-30,-1.2805568960648217
2022-8-31,-0.6432141666485314
2022-9-1,-1.8866808089929021
2022-9-2,0.9459873141897113
2022-9-5,-0.5780908670866003
2022-9-6,-1.2449668883990128
2022-9-7,0.8217925419024441
2022-9-8,1.690465230034488
2022-9-9,1.4547737479967848
2022-9-12,1.3918497503662808
2022-9-13,-2.8339278236108267
2022-9-14,-1.3703394673754588
2022-9-15,0.5523024055529513
2022-9-16,-2.153459938501323
2022-9-19,0.9049671064701004
2022-9-20,-1.0089133954561014
2022-9-21,0.7565442859242655
2022-9-22,-3.345101478897794
2022-9-23,-3.5692790592337986
2022-9-26,-0.15579974547496045
2022-9-27,-0.49115727618325167
2022-9-28,2.59932857854408
2022-9-29,-2.6600185808670074
2022-9-30,1.1943271180701043
2022-10-3,0.5241326878836938
2022-10-4,4.285495044394572
2022-10-5,-1.2201989969864213
2022-10-6,0.08406014703976616
2022-10-7,-2.430191404109383
2022-10-10,0.07411281534128733
2022-10-11,-0.01955761426966074
2022-10-12,-0.6462624391489591
2022-10-13,1.5916037349728018
2022-10-14,-0.3019696093350066
2022-10-17,1.9672768481259206
2022-10-18,0.7619511176228055
2022-10-19,-1.1566265260254727
2022-10-20,-0.016696911577829265
2022-10-21,-0.548840607271206
2022-10-24,1.4062791343939285
2022-10-25,2.662788957056228
2022-10-26,1.8083102182815392
2022-10-27,-0.293964307661676
2022-10-28,0.3190684891011708
2022-10-31,0.9922822208915827
2022-11-1,0.6457806517047304
2022-11-2,-1.9957358925313584
2022-11-3,-1.5613483077114854
2022-11-4,0.6516485816419726
2022-11-7,1.3181778608683414
2022-11-8,1.4632421528966377
2022-11-9,-2.3407027212974274
2022-11-10,5.0734497984674
2022-11-11,0.4307555652921735
2022-11-14,-0.3753109918295472
2022-11-15,1.124978649200914
2022-11-16,-2.091145514447279
2022-11-17,-1.2784516610927055
2022-11-18,0.9260822520045453
2022-11-21,-0.36102000576199167
2022-11-22,1.567771374146587
2022-11-23,1.0572552991013229
2022-11-24,0.06765130246266793
2022-11-25,0.18069944297680607
2022-11-28,-1.6955287257793272
2022-11-29,-0.28941438659678687
2022-11-30,0.9889350389623575
2022-12-1,1.9042924173566345
2022-12-2,-0.2503069143661052
2022-12-5,-2.4156720581299918
2022-12-6,-1.5394592610746938
2022-12-7,0.3438723851370673
2022-12-8,0.22604244374733184
2022-12-9,-0.4449433624416077
2022-12-12,-0.1720953197132502
2022-12-13,1.5474052641547997
2022-12-14,0.3693824621698649
2022-12-15,-4.056456528843089
2022-12-16,-1.0918869861957115
2022-12-19,-0.3653667681455808
2022-12-20,0.004438172795873108
2022-12-21,2.054546412557645
2022-12-22,-2.1079647594833606
2022-12-23,0.7841430323562104
2022-12-27,0.663101652809317
2022-12-28,-1.2302287762870456
2022-12-29,1.2966505782224136
2022-12-30,-0.2701676810320741
2023-1-2,2.0141148456126245
2023-1-3,-2.044284492959647
2023-1-4,2.041450054665539
2023-1-5,-1.2978873117443168
2023-1-6,2.9293789139881232
2023-1-9,0.7589263521160072
2023-1-10,-0.34461727262734554
2023-1-11,1.7058235543436329
2023-1-12,1.405159375371312
2023-1-13,0.4237258725627413
2023-1-16,0.31931401831253314
2023-1-17,-0.3949476178905953
2023-1-18,-0.41196280821430564
2023-1-19,-2.075125160683078
2023-1-20,1.5070608427303345
2023-1-23,1.9072617183698126
2023-1-24,0.09785787077045693
2023-1-25,-0.7607788727517106
2023-1-26,0.9805583890372338
2023-1-27,0.8470364168089661
2023-1-30,-0.13475483529210575
2023-1-31,1.0336472225876747
2023-2-1,1.632580079611623
2023-2-2,2.9588770468353953
2023-2-3,-0.27504841695569215
2023-2-6,-1.7399240085429257
2023-2-7,-0.4327138223982785
2023-2-8,-0.5544380555496664
2023-2-9,-0.21234988699616597
2023-2-10,-1.1420716228423
2023-2-13,0.8352625012049142
2023-2-14,-0.10285559507354769
2023-2-15,1.153764996409734
2023-2-16,0.26269873106092856
2023-2-17,-0.6377045234580936
2023-2-20,-0.16759060489318633
2023-2-21,-2.050895030252975
2023-2-22,-0.19787421376984415
2023-2-23,-0.3192606285604471
2023-2-24,-0.5936247031665509
2023-2-27,1.3935097536104335
2023-2-28,-0.31090425483385475
2023-3-1,-0.7235106978325634
2023-3-2,-0.30730706616524106
2023-3-3,1.669251454100884
2023-3-6,-0.13020060029469427
2023-3-7,-2.1360577763956834
2023-3-8,-0.4833804070936476
2023-3-9,-0.8244465744489338
2023-3-10,-2.68081738919691
2023-3-13,-4.613905132138385
2023-3-14,2.554985393815312
2023-3-15,-4.417001960863464
2023-3-16,1.6529224855890146
2023-3-17,-1.5461484195079755
2023-3-20,0.9256944914953102
2023-3-21,2.058810875363415
2023-3-22,0.0163360998613582
2023-3-23,-2.7219254608513266
2023-3-24,-0.8810508991816124
2023-3-27,1.8003671746253058
2023-3-28,0.7356002501150982
2023-3-29,0.37257660743559295
2023-3-30,1.1639796071340136
2023-3-31,0.8145628905562363
2023-4-3,0.13005540652397674
2023-4-4,-1.9104434804906423
2023-4-5,-0.8839048539723615
2023-4-6,0.19895291924578729
2023-4-11,2.22539468609233
2023-4-12,-0.005168355975937455
2023-4-13,-0.3068200214301764
2023-4-14,0.08978374403467715
2023-4-17,0.13824109066786772
2023-4-18,0.2745663678548782
2023-4-19,-0.417842461497997
2023-4-20,0.15040146716289726
2023-4-21,-0.2829623244384405
2023-4-24,0.05452018460181396
2023-4-25,-1.2600614592169879
2023-4-26,-1.0629869787306734
2023-4-27,-0.10686138788563726
2023-4-28,2.0391849486292912
2023-5-2,-3.3129379131054626
2023-5-3,1.775580183574088
2023-5-4,-3.2419133860973615
2023-5-5,2.554455677588252
2023-5-8,0.002095850479766348
2023-5-9,0.10038273564789701
2023-5-10,0.06276275373811036
2023-5-11,-0.7200176314299922
2023-5-12,-0.409898525193475
2023-5-15,1.3104818096016269
2023-5-16,-0.7026595175550265
2023-5-17,1.1575809154583672
2023-5-18,1.2201916243731015
2023-5-19,-0.9753703690478011
2023-5-22,0.9222135303331713
2023-5-23,1.0694635091397675
2023-5-24,-2.6490124811121674
2023-5-25,-1.1286439888439581
2023-5-26,1.430670433185366
2023-5-29,0.7308841212740225
2023-5-30,-0.631754149721675
2023-5-31,-1.809500699017652
2023-6-1,1.7413476614889012
2023-6-2,2.6569949477321053
2023-6-5,-0.016005755229897556
2023-6-6,2.6396503694843476
2023-6-7,2.1393743614485095
2023-6-8,-0.8157568702820917
2023-6-9,-0.474296553022413
2023-6-12,0.13300744388518027
2023-6-13,1.6771060136216986
2023-6-14,0.17310220432456003
2023-6-15,-0.6117411983368348
2023-6-16,-0.5303202372934468
2023-6-19,0.020102120932818934
2023-6-20,-0.5876792587781288
2023-6-21,0.26684300663539773
2023-6-22,-1.5504448312766872
2023-6-23,-0.7852376566585884
2023-6-26,0.3852598482701364
2023-6-27,1.6504874438582062
2023-6-28,0.24968483895324578
2023-6-29,1.106027912970875
2023-6-30,0.8224705577101643
2023-7-3,0.860224143440802
2023-7-4,-0.350737201789042
2023-7-5,-0.35653580045552635
2023-7-6,-2.655705081099058
2023-7-7,2.8672572885628744
2023-7-10,0.5902157226645999
2023-7-11,0.9938172079940077
2023-7-12,1.8019646745585316
2023-7-13,0.3719204832203671
2023-7-14,-1.6948367091437544
2023-7-17,0.8588689476326739
2023-7-18,1.5268541748505449
2023-7-19,0.971779410233431
2023-7-20,-0.4915694531672843
2023-7-21,0.10837712499127683
2023-7-24,0.04174277678434812
2023-7-25,0.5841352209739803
2023-7-26,0.32828190780340716
2023-7-27,0.017580282142892756
2023-7-28,0.10114992630287922
2023-7-31,0.3243525245407275
2023-8-1,-0.11869859690279982
2023-8-2,-1.1064005952590827
2023-8-3,-0.24651329066324168
2023-8-4,0.9064910257449377
2023-8-7,-0.1102216860314198
2023-8-8,-1.4658005571241528
2023-8-9,0.4779309125966913
2023-8-10,0.09258003614940336
2023-8-11,-0.5829954271870608
2023-8-14,-0.40332425248489345
2023-8-15,-0.9494872796217302
2023-8-16,-0.6957494352772042
2023-8-17,-0.7974912609487239
2023-8-18,-0.3848554074503796
2023-8-21,-0.6387949316347785
2023-8-22,-0.25556359446415877
2023-8-23,0.45242291622502595
2023-8-24,-0.40208435617197225
2023-8-25,-0.04423307894662054
2023-8-28,1.213336894671757
2023-8-29,1.312345690764194
2023-8-30,0.37432450642380655
2023-8-31,0.40168983617931975
2023-9-1,0.710786168533617
2023-9-4,-0.34878530095195925
2023-9-5,-1.3021971767781082
2023-9-6,-1.3744867888034862
2023-9-7,-0.8932564700191548
2023-9-8,0.019335272219178634
2023-9-11,0.12791219231533812
2023-9-12,0.34758930027998236
2023-9-13,-0.8597142210632125
2023-9-14,1.0029982796884385
2023-9-15,-0.42323368343225587
2023-9-18,-0.07629747159837441
2023-9-19,-0.603275602296327
2023-9-20,0.4119395393519021
2023-9-21,-1.8978142209129856
2023-9-22,-0.6059739032236111
2023-9-25,0.04630664084965819
2023-9-26,-0.9136859817312937
2023-9-27,-0.014144524028969485
2023-9-28,1.035977164281765
2023-9-29,0.4955847276736147
2023-10-2,-1.835054801971081
2023-10-3,-2.3048109893409996
2023-10-4,-0.7365650913728761
2023-10-5,0.4386583756272211
2023-10-6,0.5846418006889786
2023-10-9,0.8642007989415834
2023-10-10,1.779438555562729
2023-10-11,-0.48215004082650115
2023-10-12,-1.360431525661554
2023-10-13,-0.6609470572674581
2023-10-16,1.2643408689831936
2023-10-17,1.6398525555256116
2023-10-18,-1.7885490637312706
2023-10-19,-0.7038771259133103
2023-10-20,-2.2104189872909186
2023-10-23,0.18804354467882867
2023-10-24,-1.1722868536425124
2023-10-25,-1.2136863976407786
2023-10-26,1.4239760470886376
2023-10-27,-1.5192117372342273
2023-10-30,0.11437966751646211
2023-10-31,0.9584101595895289
2023-11-1,0.14344268692838558
2023-11-2,2.3869482213503934
2023-11-3,3.6914719811232732
2023-11-6,-1.5830616904128791
2023-11-7,0.012185661381458601
2023-11-8,-1.026174355056475
2023-11-9,-0.718400647984685
2023-11-10,-0.6386729147673464
2023-11-13,0.7595821295314442
2023-11-14,5.529955856186763
2023-11-15,0.5836382391047445
2023-11-16,-2.15871481948009
2023-11-17,1.572695369668753
2023-11-20,0.22456609184420273
2023-11-21,-0.8785820364939911
2023-11-22,0.7347528457773089
2023-11-23,-0.22023322526487643
2023-11-24,0.3807387297792175
2023-11-27,-0.09055205285295465
2023-11-28,0.05848244625137333
2023-11-29,0.5361255925467878
2023-11-30,-0.040366727107155054
2023-12-1,2.1346723511658228
2023-12-4,-0.41356492969398806
2023-12-5,-0.37836840162421836
2023-12-6,-0.3056970819823812
2023-12-7,2.168990069311172
2023-12-8,0.8422101925506409
2023-12-11,0.39200874681533104
2023-12-12,-0.40189074494116905
2023-12-13,0.8071445032592495
2023-12-14,6.154653142752031
2023-12-15,-0.6882604798246872
2023-12-18,-0.11740216879877474
2023-12-19,1.2847485828949123
2023-12-20,0.6764998268194988
2023-12-21,-0.8068164923549892
2023-12-22,0.9966445070048291
2023-12-27,0.9512714580701909
2023-12-28,-0.2210258956737765
2023-12-29,0.1776625210456073
2024-1-2,-0.9800225947033336
2024-1-3,-2.021167745477259
2024-1-4,-0.9609789548768011
2024-1-5,0.10809924355397182
2024-1-8,0.23554679701023318
2024-1-9,-0.12844687019447631
2024-1-10,-0.1037470802484175
2024-1-11,-1.2024959483021846
2024-1-12,0.2652332180030914
2024-1-15,0.009087228279458515
2024-1-16,-0.8206603907176646
2024-1-17,-0.9578113615534067
2024-1-18,0.04617776766762116
2024-1-19,0.027032875533405942
2024-1-22,2.689275167066607
2024-1-23,-0.15051177346719902
2024-1-24,0.3667558403138038
2024-1-25,-0.07240943619086782
2024-1-26,0.44825624820665766
2024-1-29,0.2864090665075425
2024-1-30,0.3656935096492786
2024-1-31,-1.1369578444264894
2024-2-1,-1.7915626420154873
2024-2-2,0.564709535609409
2024-2-5,-1.5627193291998132
2024-2-6,0.9952911256230212
2024-2-7,-0.6186190997394814
2024-2-8,0.8283182766503749
2024-2-9,0.32633975037676954
2024-2-12,3.0242848447630255
2024-2-13,-2.8124097657654668
2024-2-14,0.1136704839318492
2024-2-15,2.2392455001585487
2024-2-16,0.22075447202087872
2024-2-19,-1.0573264370958624
2024-2-20,-0.2729799329276972
2024-2-21,-0.4045312399416079
2024-2-22,0.5383967909255327
2024-2-23,0.32722687501542946
2024-2-26,-0.051813088768770665
2024-2-27,0.8255907561060427
2024-2-28,-0.09139473725418013
2024-2-29,0.06463530790030703
2024-3-1,0.631956521333521
2024-3-4,0.5076834841385658
2024-3-5,-0.1827776380949664
2024-3-6,-0.10456981923243625
2024-3-7,0.7850243577286475
2024-3-8,0.28525670671764036
2024-3-11,-0.5363613237494236
2024-3-12,-0.3161858943204643
2024-3-13,0.7826296634106722
2024-3-14,-1.9836397170987285
2024-3-15,0.12607955554493344
2024-3-18,0.2421216341219612
2024-3-19,0.38563653185381686
2024-3-20,0.6996163867115435
2024-3-21,2.0840722173931736
2024-3-22,-1.033222091309105
2024-3-25,0.4074408265237084
2024-3-26,-0.24391445900465714
2024-3-27,1.3199540856955627
2024-3-28,1.2106091836121102
2024-4-2,-2.708379930803728
2024-4-3,0.7083618063217889
2024-4-4,0.3763856341048255
2024-4-5,-1.2953781238320805
2024-4-8,0.8352500004577212
2024-4-9,-0.11341182805468808
2024-4-10,-1.9758584447951755
2024-4-11,-0.6522719605832172
2024-4-12,-0.5744335728699257
2024-4-15,-0.9169934632321741
2024-4-16,-1.5705360072574504
2024-4-17,0.025832746188214628
2024-4-18,0.21900095017333143
2024-4-19,-0.09254374794368525
2024-4-22,0.7843180987058718
2024-4-23,2.0386543556548675
2024-4-24,-0.5059870668112865
2024-4-25,-0.9815632371419136
2024-4-26,1.014716912871938
2024-4-29,0.515381955929306
2024-4-30,-1.076197008770352
2024-5-2,0.5802249502207868
2024-5-3,1.3804088670988257
2024-5-6,1.0999569129753084
2024-5-7,0.6230621437216532
2024-5-8,-0.7122644761614616
2024-5-9,0.8857630945738215
2024-5-10,0.0590973378819859
2024-5-13,0.8588291985487162
2024-5-14,0.6851725136010511
2024-5-15,0.6763354147105272
2024-5-16,-0.5763684759747312
2024-5-17,-0.10618075688163531
2024-5-20,0.386084731065206
2024-5-21,-0.750138412159429
2024-5-22,-0.5239234322692687
2024-5-23,-1.076419607896062
2024-5-24,0.0030766505266566213
2024-5-27,0.6200406689326199
2024-5-28,-0.6102591743411212
2024-5-29,-1.7760793734718505
2024-5-30,1.294711290300854
2024-5-31,0.4465205921594162
2024-6-3,0.7705941890667534
2024-6-4,-1.6784086765984196
2024-6-5,0.36132435064901713
2024-6-6,0.11441641118559165
2024-6-7,-1.0840969387080568
2024-6-10,-0.3078498035948951
2024-6-11,-0.4663860724222313
2024-6-12,2.1449024668393157
2024-6-13,-2.2559858533855337
2024-6-14,-1.0930249079275312
2024-6-17,-0.07121070914886118
2024-6-18,1.1169320002582195
2024-6-19,-0.4705540129111285
2024-6-20,0.38008503933331106
2024-6-21,-0.13644026984966917
2024-6-24,1.6108979863266981
2024-6-25,-1.74457948039215
2024-6-26,-0.4222293160834001
2024-6-27,0.10984665894122614
2024-6-28,1.316262529359813
2024-7-1,-0.8627526024467258
2024-7-2,0.21391501097107746
2024-7-3,0.2325980434010111
2024-7-4,0.029029836550620303
2024-7-5,-0.940437909829317
2024-7-8,0.27952413339016324
2024-7-9,-0.48190981743341244
2024-7-10,0.5585248929138587
2024-7-11,3.772171990465978
2024-7-12,1.6327195851330245
2024-7-15,0.988592070393457
2024-7-16,2.002977851306653
2024-7-17,1.025976876722523
2024-7-18,-0.37487427996708567
2024-7-19,-2.453130554396299
2024-7-22,0.6114595426940372
2024-7-23,1.5206199243107177
2024-7-24,-0.11058888581694237
2024-7-25,0.16026267763145086
2024-7-26,0.8695979612589388
2024-7-29,0.05252405995905818
2024-7-30,0.7834554013289807
2024-7-31,1.0830023882307582
2024-8-1,-2.9137701703557117
2024-8-2,-4.066760337473152
2024-8-5,-2.601173273538615
2024-8-6,1.3999904994582035
2024-8-7,1.5471311619812411
2024-8-8,-0.5053219553971977
2024-8-9,-0.06976483027699709
2024-8-12,-0.8765065145544759
2024-8-13,0.9938904346310062
2024-8-14,0.5969937337644504
2024-8-15,2.1282239293413108
2024-8-16,0.41840596344171477
2024-8-19,1.0062061515046627
2024-8-20,-0.9862465562701428
2024-8-21,0.5021472879368716
2024-8-22,0.0967345732676872
2024-8-23,2.970616022636907
2024-8-26,-0.3411554580155296
2024-8-27,-0.7008409285020334
2024-8-28,-0.44016332046828976
2024-8-29,0.7862008838019685
2024-8-30,-0.5650602811240635
2024-9-2,0.9256715378114899
2024-9-3,-1.6532097435824178
2024-9-4,-0.7101851898901002
2024-9-5,-0.8545459149202461
2024-9-6,-1.5764883231300875
2024-9-9,0.12131657319716105
2024-9-10,-1.140715091749367
2024-9-11,-1.0021606496175894
2024-9-12,2.9679842388428135
2024-9-13,1.9035920128638306
2024-9-16,0.5726077305744148
2024-9-17,2.1242496163912605
2024-9-18,-0.7369902354279811
2024-9-19,1.8201489124205272
2024-9-20,-0.6383437164213079
2024-9-23,-0.5452327556560443
2024-9-24,1.169630838862723
2024-9-25,-1.3979218409387095
2024-9-26,0.6253694623567174
2024-9-27,1.4989133404741617
2024-9-30,-1.125560903329792
2024-10-1,-0.8435231250835451
2024-10-2,-0.06901190383759026
2024-10-3,-0.6942133514703186
2024-10-4,0.817262678757591
2024-10-7,-0.5337571508218231
2024-10-8,-0.12359021533072667
2024-10-9,0.806658168647667
2024-10-10,-0.8701300878303231
2024-10-11,1.5062692502218589
2024-10-14,0.347921105793092
2024-10-15,1.2961843528233041
2024-10-16,0.4653217021114653
2024-10-17,-0.22986513868143987
2024-10-18,0.3852964035090167
2024-10-21,-1.8866019118151556
2024-10-22,-0.6837047629408288
2024-10-23,-0.2900245093134024
2024-10-24,0.22032955372977003
2024-10-25,-0.4719081854050011
2024-10-28,1.081819077564261
2024-10-29,-0.259097755380322
2024-10-30,0.7851016260494559
2024-10-31,-0.9226707895843234
2024-11-1,-0.4344235078061365
2024-11-4,0.3650005760321706
2024-11-5,0.7427560987717241
2024-11-6,5.230508602217454
2024-11-7,1.0359838651444964
2024-11-8,-0.40129552251855216
2024-11-11,1.766486394020994
2024-11-12,-1.0057305954046303
2024-11-13,-0.2632772049633081
2024-11-14,-1.6471289143067613
2024-11-15,-1.1663726332797109
2024-11-18,0.9068957375836018
2024-11-19,-1.1124490435159284
2024-11-20,-0.0019153082308598357
2024-11-21,1.8084167758991798
2024-11-22,1.8376230461719878
2024-11-25,2.3890004587360902
2024-11-26,-1.422617950654026
2024-11-27,0.04877328525663138
2024-11-28,0.5332412826807742
2024-11-29,-0.05977098501928069
2024-12-2,-0.3870362790405535
2024-12-3,-0.8580791910204888
2024-12-4,0.0948189925182863
2024-12-5,-0.07797939399802889
2024-12-6,-1.0275566901987054
2024-12-9,0.36766895777315955
2024-12-10,-0.11743084094831824
2024-12-11,-0.4899518112147505
2024-12-12,-0.5296969306489596
2024-12-13,-0.6779213884637314
2024-12-16,-0.040397669025482585
2024-12-17,-1.538235279008282
2024-12-18,0.1000124635183619
